ticket,opening_time_utc,closing_time_utc,type,lots,symbol,opening_price,closing_price,stop_loss,take_profit,commission_usc,swap_usc,profit_usc,equity_usc,margin_level,close_reason
622079558,2025-12-09T02:07:01,2025-12-09T02:11:24,buy,0.25,XAUUSDc,4195.708,4193.155,0,0,0,0,-63.82,,,user
622079672,2025-12-09T02:07:07,2025-12-09T02:11:24,sell,0.25,XAUUSDc,4195.63,4193.315,0,0,0,0,57.87,,,user
622097038,2025-12-09T02:11:18,2025-12-09T02:11:23,buy,0.32,XAUUSDc,4192.405,4193.155,0,0,0,0,24,,,user
622063512,2025-12-09T02:03:27,2025-12-09T02:06:58,buy,0.25,XAUUSDc,4196.302,4195.322,0,0,0,0,-24.5,,,user
622063668,2025-12-09T02:03:38,2025-12-09T02:06:57,sell,0.25,XAUUSDc,4195.887,4195.329,0,0,0,0,13.95,,,user
622070241,2025-12-09T02:04:27,2025-12-09T02:06:57,sell,0.32,XAUUSDc,4196.527,4195.07,0,0,0,0,46.62,,,user
622047713,2025-12-09T02:01:01,2025-12-09T02:03:19,buy,0.25,XAUUSDc,4195.447,4196.093,0,0,0,0,16.15,,,user
622047853,2025-12-09T02:01:03,2025-12-09T02:03:19,sell,0.25,XAUUSDc,4195.187,4196.157,0,0,0,0,-24.25,,,user
622053978,2025-12-09T02:01:35,2025-12-09T02:03:19,buy,0.32,XAUUSDc,4195.225,4195.997,0,0,0,0,24.7,,,user
622011070,2025-12-09T01:50:16,2025-12-09T02:00:55,sell,0.25,XAUUSDc,4195.232,4195.276,0,0,0,0,-1.1,,,user
622010828,2025-12-09T01:50:18,2025-12-09T02:00:55,buy,0.25,XAUUSDc,4195.466,4195.116,0,0,0,0,-8.75,,,user
622015848,2025-12-09T01:51:51,2025-12-09T02:00:55,sell,0.32,XAUUSDc,4196.113,4195.23,0,0,0,0,28.26,,,user
621952663,2025-12-09T01:36:11,2025-12-09T01:50:14,sell,0.25,XAUUSDc,4196.149,4195.701,0,0,0,0,11.2,,,user
621953294,2025-12-09T01:36:14,2025-12-09T01:50:14,buy,0.25,XAUUSDc,4196.498,4195.541,0,0,0,0,-23.92,,,user
621969495,2025-12-09T01:39:21,2025-12-09T01:50:14,buy,0.32,XAUUSDc,4195.635,4195.541,0,0,0,0,-3.01,,,user
621995831,2025-12-09T01:47:00,2025-12-09T01:50:14,buy,0.41,XAUUSDc,4194.722,4195.541,0,0,0,0,33.58,,,user
621939274,2025-12-09T01:31:09,2025-12-09T01:36:08,buy,0.25,XAUUSDc,4195.886,4196.249,0,0,0,0,9.08,,,user
621939921,2025-12-09T01:31:20,2025-12-09T01:36:08,sell,0.25,XAUUSDc,4195.483,4196.409,0,0,0,0,-23.15,,,user
621941480,2025-12-09T01:33:12,2025-12-09T01:36:08,buy,0.32,XAUUSDc,4195.209,4196.249,0,0,0,0,33.28,,,user
621923323,2025-12-09T01:26:36,2025-12-09T01:31:06,buy,0.25,XAUUSDc,4195.816,4195.742,0,0,0,0,-1.85,,,user
621923646,2025-12-09T01:26:43,2025-12-09T01:31:06,sell,0.25,XAUUSDc,4195.571,4195.902,0,0,0,0,-8.27,,,user
621927794,2025-12-09T01:28:48,2025-12-09T01:31:06,buy,0.32,XAUUSDc,4194.897,4195.639,0,0,0,0,23.75,,,user
621889751,2025-12-09T01:16:19,2025-12-09T01:26:35,buy,0.25,XAUUSDc,4196.044,4195.495,0,0,0,0,-13.72,,,user
621889764,2025-12-09T01:16:20,2025-12-09T01:26:34,sell,0.25,XAUUSDc,4195.549,4195.655,0,0,0,0,-2.65,,,user
621901257,2025-12-09T01:20:37,2025-12-09T01:26:34,buy,0.32,XAUUSDc,4195.275,4195.344,0,0,0,0,2.21,,,user
621912850,2025-12-09T01:23:39,2025-12-09T01:26:34,buy,0.41,XAUUSDc,4194.571,4195.377,0,0,0,0,33.05,,,user
621887174,2025-12-09T01:16:14,2025-12-09T01:16:17,buy,0.25,XAUUSDc,4195.649,4195.829,0,0,0,0,4.5,,,user
621845776,2025-12-09T01:07:20,2025-12-09T01:16:07,sell,0.25,XAUUSDc,4193.862,4195.674,0,0,0,0,-45.3,,,user
621845816,2025-12-09T01:07:22,2025-12-09T01:16:07,buy,0.25,XAUUSDc,4194.163,4195.514,0,0,0,0,33.77,,,user
621854318,2025-12-09T01:09:00,2025-12-09T01:16:07,sell,0.32,XAUUSDc,4194.51,4195.674,0,0,0,0,-37.25,,,user
621862085,2025-12-09T01:12:37,2025-12-09T01:16:07,sell,0.41,XAUUSDc,4196.104,4195.674,0,0,0,0,17.63,,,user
621878540,2025-12-09T01:13:05,2025-12-09T01:16:07,sell,0.52,XAUUSDc,4196.711,4195.674,0,0,0,0,53.92,,,user
621838467,2025-12-09T01:05:26,2025-12-09T01:07:15,buy,0.25,XAUUSDc,4194.669,4194.131,0,0,0,0,-13.45,,,user
621838606,2025-12-09T01:05:22,2025-12-09T01:07:14,sell,0.25,XAUUSDc,4194.353,4194.291,0,0,0,0,1.55,,,user
621840326,2025-12-09T01:06:07,2025-12-09T01:07:14,sell,0.32,XAUUSDc,4195.269,4194.455,0,0,0,0,26.05,,,user
621836950,2025-12-09T01:05:19,2025-12-09T01:05:20,buy,0.25,XAUUSDc,4194.522,4194.698,0,0,0,0,4.4,,,user
621835570,2025-12-09T01:05:11,2025-12-09T01:05:16,sell,0.25,XAUUSDc,4194.304,4193.665,0,0,0,0,15.97,,,user
621835028,2025-12-09T01:05:06,2025-12-09T01:05:09,buy,0.25,XAUUSDc,4194.647,4194.847,0,0,0,0,5,,,user
621785448,2025-12-09T01:01:08,2025-12-09T01:05:05,buy,0.25,XAUUSDc,4191.214,4194.2210000000005,0,0,0,0,75.18,,,user
621785482,2025-12-09T01:01:09,2025-12-09T01:05:05,sell,0.25,XAUUSDc,4190.842,4194.381,0,0,0,0,-88.48,,,user
621793814,2025-12-09T01:02:22,2025-12-09T01:05:04,sell,0.32,XAUUSDc,4193.954,4194.29,0,0,0,0,-10.75,,,user
621818362,2025-12-09T01:03:15,2025-12-09T01:05:04,sell,0.41,XAUUSDc,4195.834,4194.324,0,0,0,0,61.91,,,user
621746040,2025-12-09T00:54:58,2025-12-09T01:01:07,sell,0.25,XAUUSDc,4191.666,4190.915,0,0,0,0,18.77,,,user
621745368,2025-12-09T00:54:59,2025-12-09T01:01:07,buy,0.25,XAUUSDc,4192.055,4190.755,0,0,0,0,-32.5,,,user
621757770,2025-12-09T00:57:08,2025-12-09T01:01:07,buy,0.32,XAUUSDc,4190.849,4190.755,0,0,0,0,-3.01,,,user
621776441,2025-12-09T01:00:20,2025-12-09T01:01:06,buy,0.41,XAUUSDc,4189.722,4190.755,0,0,0,0,42.36,,,user
621743045,2025-12-09T00:54:34,2025-12-09T00:54:50,sell,0.25,XAUUSDc,4192.314,4192.121,0,0,0,0,4.82,,,user
621721034,2025-12-09T00:47:13,2025-12-09T00:54:26,sell,0.25,XAUUSDc,4192.733,4192.717,0,0,0,0,0.4,,,user
621720858,2025-12-09T00:47:14,2025-12-09T00:54:26,buy,0.25,XAUUSDc,4192.978,4192.557,0,0,0,0,-10.52,,,user
621727427,2025-12-09T00:48:25,2025-12-09T00:54:26,sell,0.32,XAUUSDc,4193.4980000000005,4192.717,0,0,0,0,25,,,user
621667536,2025-12-09T00:14:41,2025-12-09T00:47:05,sell,0.25,XAUUSDc,4193.315,4192.922,0,0,0,0,9.83,,,user
621667527,2025-12-09T00:14:44,2025-12-09T00:47:05,buy,0.25,XAUUSDc,4193.48,4192.762,0,0,0,0,-17.95,,,user
621692349,2025-12-09T00:30:05,2025-12-09T00:47:05,buy,0.32,XAUUSDc,4192.853,4192.8730000000005,0,0,0,0,0.64,,,user
621706356,2025-12-09T00:36:37,2025-12-09T00:47:05,buy,0.41,XAUUSDc,4192.229,4192.8730000000005,0,0,0,0,26.4,,,user
621667295,2025-12-09T00:14:32,2025-12-09T00:14:35,buy,0.25,XAUUSDc,4193.065,4193.386,0,0,0,0,8.02,,,user
621666972,2025-12-09T00:14:27,2025-12-09T00:14:29,sell,0.25,XAUUSDc,4193.255,4193.052,0,0,0,0,5.08,,,user
621640780,2025-12-09T00:10:38,2025-12-09T00:14:24,sell,0.25,XAUUSDc,4194.213,4193.515,0,0,0,0,17.45,,,user
621640827,2025-12-09T00:10:30,2025-12-09T00:14:23,buy,0.25,XAUUSDc,4194.427,4193.3550000000005,0,0,0,0,-26.8,,,user
621652163,2025-12-09T00:12:40,2025-12-09T00:14:23,buy,0.32,XAUUSDc,4193.101,4193.195,0,0,0,0,3.01,,,user
621663271,2025-12-09T00:14:21,2025-12-09T00:14:23,buy,0.41,XAUUSDc,4192.401,4193.1410000000005,0,0,0,0,30.34,,,user
621640370,2025-12-09T00:10:25,2025-12-09T00:10:27,sell,0.25,XAUUSDc,4194.371,4194.182,0,0,0,0,4.73,,,user
621613750,2025-12-09T00:00:01,2025-12-09T00:10:21,buy,0.25,XAUUSDc,4194.95,4194.798,0,0,0,0,-3.8,,,user
621613752,2025-12-09T00:00:03,2025-12-09T00:10:20,sell,0.25,XAUUSDc,4194.985,4194.946,0,0,0,0,0.98,,,user
621631291,2025-12-09T00:10:00,2025-12-09T00:10:19,buy,0.32,XAUUSDc,4193.795,4194.452,0,0,0,0,21.02,,,user
617994379,2025-12-08T11:34:57,2025-12-08T11:35:01,sell,0.25,XAUUSDc,4210.21,4210.028,0,0,0,0,4.55,,,user
617973825,2025-12-08T11:31:42,2025-12-08T11:34:51,buy,0.25,XAUUSDc,4210.432,4210.31,0,0,0,0,-3.05,,,user
617973772,2025-12-08T11:31:44,2025-12-08T11:34:51,sell,0.25,XAUUSDc,4210.011,4210.47,0,0,0,0,-11.47,,,user
617983691,2025-12-08T11:33:00,2025-12-08T11:34:50,sell,0.32,XAUUSDc,4211.234,4210.378,0,0,0,0,27.39,,,user
617972435,2025-12-08T11:31:24,2025-12-08T11:31:31,sell,0.25,XAUUSDc,4210.439,4209.704,0,0,0,0,18.38,,,user
617957521,2025-12-08T11:29:41,2025-12-08T11:31:21,sell,0.25,XAUUSDc,4208.845,4210.702,0,0,0,0,-46.42,,,user
617957487,2025-12-08T11:29:36,2025-12-08T11:31:21,buy,0.25,XAUUSDc,4208.907,4210.542,0,0,0,0,40.87,,,user
617957695,2025-12-08T11:29:53,2025-12-08T11:31:21,buy,0.32,XAUUSDc,4209.645,4210.542,0,0,0,0,28.7,,,user
617959160,2025-12-08T11:31:11,2025-12-08T11:31:21,buy,0.41,XAUUSDc,4210.272,4210.542,0,0,0,0,11.07,,,user
617724488,2025-12-08T10:49:27,2025-12-08T11:29:35,buy,0.25,XAUUSDc,4205.68,4208.647,0,0,0,0,74.18,,,user
617725236,2025-12-08T10:49:31,2025-12-08T11:29:35,sell,0.25,XAUUSDc,4205.541,4208.834,0,0,0,0,-82.32,,,user
617725296,2025-12-08T10:51:20,2025-12-08T11:29:35,buy,0.32,XAUUSDc,4204.592,4208.674,0,0,0,0,130.63,,,user
617726811,2025-12-08T10:51:03,2025-12-08T11:29:34,sell,0.32,XAUUSDc,4204.325,4208.834,0,0,0,0,-144.29,,,user
617741527,2025-12-08T10:55:40,2025-12-08T11:29:34,buy,0.41,XAUUSDc,4206.286,4208.7080000000005,0,0,0,0,99.3,,,user
617735735,2025-12-08T10:57:53,2025-12-08T11:29:34,sell,0.41,XAUUSDc,4203.673,4208.868,0,0,0,0,-213,,,user
617763574,2025-12-08T10:58:28,2025-12-08T11:29:34,sell,0.52,XAUUSDc,4203.037,4208.899,0,0,0,0,-304.83,,,user
617751513,2025-12-08T10:58:38,2025-12-08T11:29:34,buy,0.52,XAUUSDc,4203.649,4208.7390000000005,0,0,0,0,264.68,,,user
617771713,2025-12-08T11:01:32,2025-12-08T11:29:34,sell,0.65,XAUUSDc,4202.227,4208.899,0,0,0,0,-433.68,,,user
617793891,2025-12-08T11:01:47,2025-12-08T11:29:33,buy,0.65,XAUUSDc,4202.743,4208.7390000000005,0,0,0,0,389.74,,,user
617794767,2025-12-08T11:02:39,2025-12-08T11:29:33,sell,0.81,XAUUSDc,4201.531,4208.899,0,0,0,0,-596.81,,,user
617806784,2025-12-08T11:03:06,2025-12-08T11:29:33,buy,0.81,XAUUSDc,4201.914,4208.7390000000005,0,0,0,0,552.83,,,user
617805996,2025-12-08T11:05:01,2025-12-08T11:29:33,sell,1.01,XAUUSDc,4200.838,4208.899,0,0,0,0,-814.16,,,user
617822185,2025-12-08T11:05:21,2025-12-08T11:29:33,buy,1.01,XAUUSDc,4201.359,4208.821,0,0,0,0,753.66,,,user
617818984,2025-12-08T11:06:01,2025-12-08T11:29:33,sell,1.26,XAUUSDc,4200.18,4208.926,0,0,0,0,-1102,,,user
617830828,2025-12-08T11:23:28,2025-12-08T11:29:33,sell,1.57,XAUUSDc,4206.428,4209.267,0,0,0,0,-445.72,,,user
617831349,2025-12-08T11:06:34,2025-12-08T11:29:32,buy,1.26,XAUUSDc,4200.46,4209.245,0,0,0,0,1106.91,,,user
617911889,2025-12-08T11:22:40,2025-12-08T11:29:32,buy,1.57,XAUUSDc,4206.972,4209.245,0,0,0,0,356.87,,,user
617917329,2025-12-08T11:27:57,2025-12-08T11:29:32,buy,1.95,XAUUSDc,4207.572,4209.331,0,0,0,0,343.01,,,user
617939121,2025-12-08T11:28:29,2025-12-08T11:29:32,buy,2.43,XAUUSDc,4208.417,4209.39,0,0,0,0,236.44,,,user
617946400,2025-12-08T11:29:18,2025-12-08T11:29:32,buy,3.02,XAUUSDc,4209.017,4209.395,0,0,0,0,114.16,,,user
617719460,2025-12-08T10:49:17,2025-12-08T10:49:19,buy,0.41,XAUUSDc,4205.968,4205.594,0,0,0,0,-15.34,,,user
617713760,2025-12-08T10:47:09,2025-12-08T10:49:18,buy,0.25,XAUUSDc,4204.205,4205.808,0,0,0,0,40.07,,,user
617713972,2025-12-08T10:47:13,2025-12-08T10:49:18,sell,0.25,XAUUSDc,4204.195,4205.968,0,0,0,0,-44.32,,,user
617714421,2025-12-08T10:48:38,2025-12-08T10:49:18,buy,0.32,XAUUSDc,4205.013,4205.808,0,0,0,0,25.44,,,user
617688132,2025-12-08T10:43:04,2025-12-08T10:47:06,sell,0.25,XAUUSDc,4206.762,4204.074,0,0,0,0,67.2,,,user
617687840,2025-12-08T10:43:05,2025-12-08T10:47:06,buy,0.25,XAUUSDc,4207.022,4203.914,0,0,0,0,-77.7,,,user
617695600,2025-12-08T10:46:09,2025-12-08T10:47:06,sell,0.32,XAUUSDc,4205.762,4204.074,0,0,0,0,54.01,,,user
617700385,2025-12-08T10:46:16,2025-12-08T10:47:06,sell,0.41,XAUUSDc,4204.917,4204.074,0,0,0,0,34.57,,,user
617700811,2025-12-08T10:46:55,2025-12-08T10:47:06,buy,0.32,XAUUSDc,4205.552,4203.914,0,0,0,0,-52.41,,,user
617706172,2025-12-08T10:47:03,2025-12-08T10:47:06,sell,0.52,XAUUSDc,4203.932,4204.074,0,0,0,0,-7.39,,,user
617685210,2025-12-08T10:42:57,2025-12-08T10:43:01,buy,0.25,XAUUSDc,4206.681,4207.118,0,0,0,0,10.92,,,user
617659262,2025-12-08T10:37:30,2025-12-08T10:42:53,buy,0.25,XAUUSDc,4205.644,4206.361,0,0,0,0,17.93,,,user
617659525,2025-12-08T10:37:34,2025-12-08T10:42:53,sell,0.25,XAUUSDc,4205.384,4206.521,0,0,0,0,-28.43,,,user
617661533,2025-12-08T10:39:32,2025-12-08T10:42:53,sell,0.32,XAUUSDc,4207.65,4206.679,0,0,0,0,31.07,,,user
617622681,2025-12-08T10:32:57,2025-12-08T10:37:27,sell,0.25,XAUUSDc,4204.758,4205.566,0,0,0,0,-20.2,,,user
617622630,2025-12-08T10:32:59,2025-12-08T10:37:27,buy,0.25,XAUUSDc,4205.0779999999995,4205.406,0,0,0,0,8.2,,,user
617628427,2025-12-08T10:33:15,2025-12-08T10:37:27,sell,0.32,XAUUSDc,4205.058,4205.475,0,0,0,0,-13.34,,,user
617635638,2025-12-08T10:34:12,2025-12-08T10:37:26,sell,0.41,XAUUSDc,4205.754,4205.684,0,0,0,0,2.87,,,user
617645917,2025-12-08T10:35:06,2025-12-08T10:37:26,sell,0.52,XAUUSDc,4206.833,4205.684,0,0,0,0,59.75,,,user
617610845,2025-12-08T10:31:29,2025-12-08T10:32:54,buy,0.25,XAUUSDc,4204.531,4204.91,0,0,0,0,9.47,,,user
617611506,2025-12-08T10:31:34,2025-12-08T10:32:54,sell,0.25,XAUUSDc,4203.89,4205.07,0,0,0,0,-29.5,,,user
617612925,2025-12-08T10:31:57,2025-12-08T10:32:53,buy,0.32,XAUUSDc,4203.821,4204.91,0,0,0,0,34.85,,,user
617563236,2025-12-08T10:28:34,2025-12-08T10:31:25,sell,0.25,XAUUSDc,4206.934,4204.449,0,0,0,0,62.12,,,user
617562069,2025-12-08T10:28:36,2025-12-08T10:31:25,buy,0.25,XAUUSDc,4207.219,4204.289,0,0,0,0,-73.25,,,user
617574644,2025-12-08T10:29:27,2025-12-08T10:31:24,buy,0.32,XAUUSDc,4206.33,4204.332,0,0,0,0,-63.94,,,user
617585189,2025-12-08T10:30:23,2025-12-08T10:31:24,buy,0.41,XAUUSDc,4204.941,4204.203,0,0,0,0,-30.26,,,user
617592550,2025-12-08T10:30:34,2025-12-08T10:31:24,buy,0.52,XAUUSDc,4204.688,4204.203,0,0,0,0,-25.22,,,user
617599283,2025-12-08T10:31:04,2025-12-08T10:31:24,buy,0.65,XAUUSDc,4204.11,4204.203,0,0,0,0,6.05,,,user
617603101,2025-12-08T10:31:13,2025-12-08T10:31:24,buy,0.81,XAUUSDc,4202.096,4204.203,0,0,0,0,170.66,,,user
617525867,2025-12-08T10:22:09,2025-12-08T10:27:48,buy,0.05,XAUUSDc,4208.233,4208.045,0,0,0,0,-0.94,,,user
617528200,2025-12-08T10:22:35,2025-12-08T10:27:48,sell,0.05,XAUUSDc,4208.06,4208.205,0,0,0,0,-0.73,,,user
617539902,2025-12-08T10:25:51,2025-12-08T10:27:48,sell,0.07,XAUUSDc,4208.919,4208.205,0,0,0,0,4.99,,,user
617498138,2025-12-08T10:10:30,2025-12-08T10:21:59,buy,0.05,XAUUSDc,4209.092,4208.331,0,0,0,0,-3.8,,,user
617498152,2025-12-08T10:10:45,2025-12-08T10:21:59,sell,0.05,XAUUSDc,4209.019,4208.491,0,0,0,0,2.64,,,user
617515464,2025-12-08T10:20:28,2025-12-08T10:21:59,buy,0.07,XAUUSDc,4207.752,4208.331,0,0,0,0,4.06,,,user
617477103,2025-12-08T10:02:09,2025-12-08T10:10:24,sell,0.05,XAUUSDc,4208.456,4208.969,0,0,0,0,-2.57,,,user
617477089,2025-12-08T10:02:12,2025-12-08T10:10:24,buy,0.05,XAUUSDc,4208.632,4208.809,0,0,0,0,0.89,,,user
617485120,2025-12-08T10:07:50,2025-12-08T10:10:24,sell,0.07,XAUUSDc,4209.648,4208.969,0,0,0,0,4.76,,,user
617474873,2025-12-08T10:02:01,2025-12-08T10:02:04,sell,0.05,XAUUSDc,4208.86,4208.651,0,0,0,0,1.04,,,user
617472564,2025-12-08T10:01:31,2025-12-08T10:01:57,sell,0.05,XAUUSDc,4209.487,4209.282,0,0,0,0,1.03,,,user
617430901,2025-12-08T09:54:05,2025-12-08T10:01:29,buy,0.05,XAUUSDc,4211.246,4210.1630000000005,0,0,0,0,-5.41,,,user
617430944,2025-12-08T09:54:04,2025-12-08T10:01:28,sell,0.05,XAUUSDc,4210.706,4210.323,0,0,0,0,1.91,,,user
617436813,2025-12-08T09:56:37,2025-12-08T10:01:28,buy,0.07,XAUUSDc,4209.917,4209.999,0,0,0,0,0.57,,,user
617451130,2025-12-08T09:58:35,2025-12-08T10:01:27,buy,0.1,XAUUSDc,4208.276,4209.576,0,0,0,0,13,,,user
617390445,2025-12-08T09:49:13,2025-12-08T09:54:01,buy,0.05,XAUUSDc,4208.154,4211.192,0,0,0,0,15.19,,,user
617390461,2025-12-08T09:49:16,2025-12-08T09:54:01,sell,0.05,XAUUSDc,4207.958,4211.352,0,0,0,0,-16.97,,,user
617395007,2025-12-08T09:51:32,2025-12-08T09:54:01,sell,0.07,XAUUSDc,4210.714,4211.248,0,0,0,0,-3.74,,,user
617417570,2025-12-08T09:53:41,2025-12-08T09:54:00,sell,0.1,XAUUSDc,4212.166,4211.248,0,0,0,0,9.18,,,user
617389886,2025-12-08T09:49:06,2025-12-08T09:49:09,sell,0.05,XAUUSDc,4208.28,4208.048,0,0,0,0,1.16,,,user
617380292,2025-12-08T09:47:26,2025-12-08T09:49:04,buy,0.05,XAUUSDc,4208.059,4208.477,0,0,0,0,2.09,,,user
617382661,2025-12-08T09:47:37,2025-12-08T09:49:04,sell,0.05,XAUUSDc,4207.002,4208.637,0,0,0,0,-8.18,,,user
617383724,2025-12-08T09:48:01,2025-12-08T09:49:04,buy,0.07,XAUUSDc,4207.199,4208.477,0,0,0,0,8.95,,,user
617366942,2025-12-08T09:45:15,2025-12-08T09:47:25,buy,0.05,XAUUSDc,4208.159,4207.799,0,0,0,0,-1.8,,,user
617366948,2025-12-08T09:45:21,2025-12-08T09:47:25,sell,0.05,XAUUSDc,4208.213,4207.959,0,0,0,0,1.27,,,user
617372600,2025-12-08T09:46:35,2025-12-08T09:47:25,buy,0.07,XAUUSDc,4207.215,4207.799,0,0,0,0,4.08,,,user
617348131,2025-12-08T09:41:08,2025-12-08T09:45:13,buy,0.05,XAUUSDc,4208.168,4207.899,0,0,0,0,-1.34,,,user
617349916,2025-12-08T09:41:22,2025-12-08T09:45:12,sell,0.05,XAUUSDc,4207.899,4208.059,0,0,0,0,-0.8,,,user
617357676,2025-12-08T09:42:55,2025-12-08T09:45:12,sell,0.07,XAUUSDc,4208.706,4208.059,0,0,0,0,4.53,,,user
617327616,2025-12-08T09:39:14,2025-12-08T09:41:03,buy,0.05,XAUUSDc,4208.384,4207.428,0,0,0,0,-4.78,,,user
617327635,2025-12-08T09:39:16,2025-12-08T09:41:03,sell,0.05,XAUUSDc,4208.285,4207.716,0,0,0,0,2.85,,,user
617334774,2025-12-08T09:40:24,2025-12-08T09:41:03,buy,0.07,XAUUSDc,4207.548,4207.659,0,0,0,0,0.77,,,user
617340853,2025-12-08T09:40:39,2025-12-08T09:41:03,buy,0.1,XAUUSDc,4206.862,4207.512,0,0,0,0,6.5,,,user
617326931,2025-12-08T09:39:05,2025-12-08T09:39:10,sell,0.05,XAUUSDc,4208.375,4208.149,0,0,0,0,1.13,,,user
617325333,2025-12-08T09:38:47,2025-12-08T09:39:00,sell,0.05,XAUUSDc,4208.9800000000005,4208.803,0,0,0,0,0.88,,,user
617297089,2025-12-08T09:32:12,2025-12-08T09:38:43,sell,0.05,XAUUSDc,4209.783,4209.353,0,0,0,0,2.15,,,user
617297047,2025-12-08T09:32:14,2025-12-08T09:38:43,buy,0.05,XAUUSDc,4210.131,4209.193,0,0,0,0,-4.69,,,user
617310595,2025-12-08T09:37:30,2025-12-08T09:38:43,buy,0.07,XAUUSDc,4208.383,4209.193,0,0,0,0,5.67,,,user
617249515,2025-12-08T09:23:53,2025-12-08T09:32:09,buy,0.05,XAUUSDc,4207.888,4209.883,0,0,0,0,9.98,,,user
617249583,2025-12-08T09:24:03,2025-12-08T09:32:09,sell,0.05,XAUUSDc,4207.7,4209.874,0,0,0,0,-10.87,,,user
617254807,2025-12-08T09:26:03,2025-12-08T09:32:09,sell,0.07,XAUUSDc,4209.327,4209.874,0,0,0,0,-3.83,,,user
617274929,2025-12-08T09:28:46,2025-12-08T09:32:08,sell,0.1,XAUUSDc,4210.016,4209.874,0,0,0,0,1.42,,,user
617287910,2025-12-08T09:31:12,2025-12-08T09:32:08,sell,0.13,XAUUSDc,4210.825,4209.961,0,0,0,0,11.24,,,user
617233585,2025-12-08T09:21:40,2025-12-08T09:23:51,buy,0.05,XAUUSDc,4208.451,4207.454,0,0,0,0,-4.99,,,user
617233675,2025-12-08T09:21:42,2025-12-08T09:23:51,sell,0.05,XAUUSDc,4208.204,4207.648,0,0,0,0,2.78,,,user
617238715,2025-12-08T09:22:36,2025-12-08T09:23:50,buy,0.07,XAUUSDc,4206.81,4207.488,0,0,0,0,4.75,,,user
617229816,2025-12-08T09:21:30,2025-12-08T09:21:36,sell,0.05,XAUUSDc,4208.59,4208.379,0,0,0,0,1.05,,,user
617205498,2025-12-08T09:15:03,2025-12-08T09:21:26,buy,0.05,XAUUSDc,4209.296,4208.905,0,0,0,0,-1.95,,,user
617206064,2025-12-08T09:15:07,2025-12-08T09:21:25,sell,0.05,XAUUSDc,4208.933,4209.065,0,0,0,0,-0.66,,,user
617219572,2025-12-08T09:19:05,2025-12-08T09:21:25,sell,0.07,XAUUSDc,4209.8550000000005,4209.065,0,0,0,0,5.53,,,user
617164876,2025-12-08T09:09:41,2025-12-08T09:15:00,buy,0.05,XAUUSDc,4207.8099999999995,4209.135,0,0,0,0,6.63,,,user
617165025,2025-12-08T09:09:43,2025-12-08T09:15:00,sell,0.05,XAUUSDc,4207.508,4209.295,0,0,0,0,-8.94,,,user
617178271,2025-12-08T09:13:36,2025-12-08T09:15:00,sell,0.07,XAUUSDc,4209.995,4209.295,0,0,0,0,4.9,,,user
617164248,2025-12-08T09:09:38,2025-12-08T09:09:39,sell,0.05,XAUUSDc,4207.361,4207.531,0,0,0,0,-0.85,,,user
617162198,2025-12-08T09:09:20,2025-12-08T09:09:38,buy,0.05,XAUUSDc,4207.467,4207.39,0,0,0,0,-0.39,,,user
617159723,2025-12-08T09:09:17,2025-12-08T09:09:18,buy,0.05,XAUUSDc,4206.875,4207.253,0,0,0,0,1.89,,,user
617126683,2025-12-08T09:06:10,2025-12-08T09:09:07,sell,0.05,XAUUSDc,4208.4490000000005,4205.9,0,0,0,0,12.75,,,user
617126882,2025-12-08T09:06:19,2025-12-08T09:09:07,buy,0.05,XAUUSDc,4208.947,4205.807,0,0,0,0,-15.7,,,user
617135207,2025-12-08T09:08:50,2025-12-08T09:09:06,buy,0.07,XAUUSDc,4204.881,4205.807,0,0,0,0,6.48,,,user
617096458,2025-12-08T09:01:53,2025-12-08T09:06:05,buy,0.05,XAUUSDc,4208.946,4208.683,0,0,0,0,-1.31,,,user
617096688,2025-12-08T09:01:56,2025-12-08T09:06:05,sell,0.05,XAUUSDc,4208.7080000000005,4208.843,0,0,0,0,-0.68,,,user
617118347,2025-12-08T09:05:37,2025-12-08T09:06:05,buy,0.07,XAUUSDc,4207.912,4208.683,0,0,0,0,5.4,,,user
617067398,2025-12-08T08:59:02,2025-12-08T09:01:52,buy,0.05,XAUUSDc,4209.2029999999995,4208.685,0,0,0,0,-2.59,,,user
617069781,2025-12-08T08:59:15,2025-12-08T09:01:51,sell,0.05,XAUUSDc,4209.109,4208.76,0,0,0,0,1.75,,,user
617089556,2025-12-08T09:01:46,2025-12-08T09:01:51,sell,0.07,XAUUSDc,4210.035,4209.184,0,0,0,0,5.96,,,user
617041566,2025-12-08T08:55:12,2025-12-08T08:58:54,sell,0.05,XAUUSDc,4209.8060000000005,4208.782,0,0,0,0,5.12,,,user
617041249,2025-12-08T08:55:17,2025-12-08T08:58:54,buy,0.05,XAUUSDc,4209.8189999999995,4208.7080000000005,0,0,0,0,-5.56,,,user
617051439,2025-12-08T08:57:01,2025-12-08T08:58:54,buy,0.07,XAUUSDc,4208.889,4208.622,0,0,0,0,-1.87,,,user
617059595,2025-12-08T08:58:00,2025-12-08T08:58:54,buy,0.1,XAUUSDc,4207.923,4208.622,0,0,0,0,6.99,,,user
617007115,2025-12-08T08:48:59,2025-12-08T08:55:04,sell,0.05,XAUUSDc,4209.653,4210.096,0,0,0,0,-2.21,,,user
617007874,2025-12-08T08:49:04,2025-12-08T08:55:04,buy,0.05,XAUUSDc,4210.1,4209.936,0,0,0,0,-0.82,,,user
617022653,2025-12-08T08:52:29,2025-12-08T08:55:04,sell,0.07,XAUUSDc,4210.388,4210.155,0,0,0,0,1.63,,,user
617029085,2025-12-08T08:53:29,2025-12-08T08:55:03,sell,0.1,XAUUSDc,4211.003,4210.181,0,0,0,0,8.22,,,user
616977832,2025-12-08T08:44:58,2025-12-08T08:48:48,sell,0.05,XAUUSDc,4208.87,4210.209,0,0,0,0,-6.7,,,user
616977810,2025-12-08T08:45:00,2025-12-08T08:48:48,buy,0.05,XAUUSDc,4209.175,4210.049,0,0,0,0,4.37,,,user
616981445,2025-12-08T08:47:46,2025-12-08T08:48:48,sell,0.07,XAUUSDc,4210.99,4210.209,0,0,0,0,5.47,,,user
616977351,2025-12-08T08:44:54,2025-12-08T08:44:56,buy,0.05,XAUUSDc,4208.646,4209.1,0,0,0,0,2.27,,,user
616948384,2025-12-08T08:39:06,2025-12-08T08:44:51,sell,0.05,XAUUSDc,4208.238,4208.559,0,0,0,0,-1.61,,,user
616948266,2025-12-08T08:39:08,2025-12-08T08:44:51,buy,0.05,XAUUSDc,4208.571,4208.399,0,0,0,0,-0.86,,,user
616965126,2025-12-08T08:43:05,2025-12-08T08:44:51,sell,0.07,XAUUSDc,4208.855,4208.59,0,0,0,0,1.86,,,user
616970826,2025-12-08T08:44:23,2025-12-08T08:44:50,sell,0.1,XAUUSDc,4209.401,4208.59,0,0,0,0,8.11,,,user
616825052,2025-12-08T08:25:16,2025-12-08T08:39:02,sell,0.05,XAUUSDc,4212.55,4208.677,0,0,0,0,19.36,,,user
616822789,2025-12-08T08:25:21,2025-12-08T08:39:02,buy,0.05,XAUUSDc,4213.096,4208.517,0,0,0,0,-22.89,,,user
616833842,2025-12-08T08:27:21,2025-12-08T08:39:02,buy,0.07,XAUUSDc,4211.401,4208.639,0,0,0,0,-19.34,,,user
616859767,2025-12-08T08:29:27,2025-12-08T08:39:02,buy,0.1,XAUUSDc,4210.777,4208.639,0,0,0,0,-21.38,,,user
616865455,2025-12-08T08:30:16,2025-12-08T08:39:01,buy,0.13,XAUUSDc,4209.5019999999995,4208.639,0,0,0,0,-11.22,,,user
616881960,2025-12-08T08:31:49,2025-12-08T08:39:01,buy,0.16,XAUUSDc,4207.233,4208.639,0,0,0,0,22.49,,,user
616918287,2025-12-08T08:35:40,2025-12-08T08:39:01,buy,0.2,XAUUSDc,4206.246,4208.769,0,0,0,0,50.46,,,user
616765194,2025-12-08T08:14:06,2025-12-08T08:25:05,buy,0.05,XAUUSDc,4211.046,4213.423,0,0,0,0,11.89,,,user
616765379,2025-12-08T08:14:07,2025-12-08T08:25:05,sell,0.05,XAUUSDc,4210.503,4213.583,0,0,0,0,-15.4,,,user
616769266,2025-12-08T08:15:22,2025-12-08T08:25:05,sell,0.07,XAUUSDc,4211.277,4213.583,0,0,0,0,-16.14,,,user
616781952,2025-12-08T08:20:37,2025-12-08T08:25:05,sell,0.1,XAUUSDc,4213.12,4213.583,0,0,0,0,-4.63,,,user
616799120,2025-12-08T08:22:53,2025-12-08T08:25:05,sell,0.13,XAUUSDc,4215.955,4213.583,0,0,0,0,30.84,,,user
616752350,2025-12-08T08:10:41,2025-12-08T08:14:04,buy,0.05,XAUUSDc,4211.611,4210.734,0,0,0,0,-4.39,,,user
616752410,2025-12-08T08:10:44,2025-12-08T08:14:04,sell,0.05,XAUUSDc,4211.351,4210.894,0,0,0,0,2.29,,,user
616760187,2025-12-08T08:13:08,2025-12-08T08:14:04,sell,0.07,XAUUSDc,4211.994,4210.776,0,0,0,0,8.53,,,user
616734367,2025-12-08T08:07:33,2025-12-08T08:10:39,buy,0.05,XAUUSDc,4210.355,4211.162,0,0,0,0,4.03,,,user
616736451,2025-12-08T08:07:36,2025-12-08T08:10:39,sell,0.05,XAUUSDc,4210.14,4211.322,0,0,0,0,-5.91,,,user
616742850,2025-12-08T08:09:56,2025-12-08T08:10:39,sell,0.07,XAUUSDc,4211.088,4211.322,0,0,0,0,-1.63,,,user
616748184,2025-12-08T08:10:33,2025-12-08T08:10:38,sell,0.1,XAUUSDc,4212.073,4211.322,0,0,0,0,7.51,,,user
616682467,2025-12-08T08:02:35,2025-12-08T08:07:28,buy,0.05,XAUUSDc,4206.906,4210.367,0,0,0,0,17.31,,,user
616682515,2025-12-08T08:02:40,2025-12-08T08:07:28,sell,0.05,XAUUSDc,4206.592,4210.527,0,0,0,0,-19.68,,,user
616687501,2025-12-08T08:03:47,2025-12-08T08:07:28,sell,0.07,XAUUSDc,4207.954,4210.527,0,0,0,0,-18.01,,,user
616697064,2025-12-08T08:05:11,2025-12-08T08:07:28,sell,0.1,XAUUSDc,4210.704,4210.527,0,0,0,0,1.77,,,user
616719534,2025-12-08T08:06:05,2025-12-08T08:07:28,sell,0.13,XAUUSDc,4211.209,4210.533,0,0,0,0,8.79,,,user
616726899,2025-12-08T08:06:58,2025-12-08T08:07:27,sell,0.16,XAUUSDc,4211.821,4210.561,0,0,0,0,20.16,,,user
616637677,2025-12-08T07:56:26,2025-12-08T08:02:33,buy,0.05,XAUUSDc,4209.361,4206.477,0,0,0,0,-14.42,,,user
616637648,2025-12-08T07:56:29,2025-12-08T08:02:33,sell,0.05,XAUUSDc,4209.138,4206.637,0,0,0,0,12.5,,,user
616640309,2025-12-08T07:58:11,2025-12-08T08:02:33,buy,0.07,XAUUSDc,4208.261,4206.477,0,0,0,0,-12.49,,,user
616645051,2025-12-08T07:58:34,2025-12-08T08:02:33,buy,0.1,XAUUSDc,4207.467,4206.477,0,0,0,0,-9.9,,,user
616656807,2025-12-08T08:01:02,2025-12-08T08:02:33,buy,0.13,XAUUSDc,4203.924,4206.477,0,0,0,0,33.19,,,user
616628970,2025-12-08T07:54:48,2025-12-08T07:56:22,sell,0.05,XAUUSDc,4209.278,4209.107,0,0,0,0,0.85,,,user
616628939,2025-12-08T07:54:56,2025-12-08T07:56:22,buy,0.05,XAUUSDc,4209.324,4208.947,0,0,0,0,-1.88,,,user
616631578,2025-12-08T07:55:27,2025-12-08T07:56:22,buy,0.07,XAUUSDc,4208.523,4209.049,0,0,0,0,3.68,,,user
616525594,2025-12-08T07:41:22,2025-12-08T07:54:45,buy,0.05,XAUUSDc,4213.101,4209.378,0,0,0,0,-18.62,,,user
616526858,2025-12-08T07:41:33,2025-12-08T07:54:45,sell,0.05,XAUUSDc,4212.665,4209.576,0,0,0,0,15.45,,,user
616532311,2025-12-08T07:42:45,2025-12-08T07:54:45,buy,0.07,XAUUSDc,4212.459,4209.416,0,0,0,0,-21.3,,,user
616539738,2025-12-08T07:44:07,2025-12-08T07:54:45,buy,0.1,XAUUSDc,4211.764,4209.416,0,0,0,0,-23.48,,,user
616555592,2025-12-08T07:45:36,2025-12-08T07:54:45,buy,0.13,XAUUSDc,4211.04,4209.416,0,0,0,0,-21.11,,,user
616561070,2025-12-08T07:46:35,2025-12-08T07:54:45,buy,0.16,XAUUSDc,4209.487,4209.416,0,0,0,0,-1.13,,,user
616575007,2025-12-08T07:47:30,2025-12-08T07:54:44,buy,0.2,XAUUSDc,4208.207,4209.416,0,0,0,0,24.18,,,user
616609753,2025-12-08T07:51:34,2025-12-08T07:54:44,buy,0.25,XAUUSDc,4207.546,4209.416,0,0,0,0,46.75,,,user
616499187,2025-12-08T07:38:26,2025-12-08T07:41:21,buy,0.05,XAUUSDc,4214.21,4212.702,0,0,0,0,-7.54,,,user
616499474,2025-12-08T07:38:32,2025-12-08T07:41:21,sell,0.05,XAUUSDc,4213.95,4212.862,0,0,0,0,5.44,,,user
616502151,2025-12-08T07:39:09,2025-12-08T07:41:21,buy,0.07,XAUUSDc,4212.663,4212.702,0,0,0,0,0.27,,,user
616518869,2025-12-08T07:40:29,2025-12-08T07:41:20,buy,0.1,XAUUSDc,4211.729,4212.702,0,0,0,0,9.73,,,user
616496736,2025-12-08T07:38:17,2025-12-08T07:38:18,sell,0.05,XAUUSDc,4214.173,4213.907,0,0,0,0,1.33,,,user
616469748,2025-12-08T07:31:09,2025-12-08T07:38:10,buy,0.05,XAUUSDc,4215.113,4214.398,0,0,0,0,-3.58,,,user
616469859,2025-12-08T07:31:12,2025-12-08T07:38:10,sell,0.05,XAUUSDc,4214.656,4214.558,0,0,0,0,0.49,,,user
616476898,2025-12-08T07:33:17,2025-12-08T07:38:10,sell,0.07,XAUUSDc,4215.406,4214.558,0,0,0,0,5.93,,,user
616459711,2025-12-08T07:29:34,2025-12-08T07:31:04,sell,0.05,XAUUSDc,4214.05,4215.152,0,0,0,0,-5.51,,,user
616461582,2025-12-08T07:29:51,2025-12-08T07:31:04,buy,0.05,XAUUSDc,4214.536,4214.896,0,0,0,0,1.8,,,user
616465418,2025-12-08T07:30:33,2025-12-08T07:31:04,buy,0.07,XAUUSDc,4213.918,4214.896,0,0,0,0,6.84,,,user
616428084,2025-12-08T07:21:07,2025-12-08T07:29:30,buy,0.05,XAUUSDc,4214.179,4214.578,0,0,0,0,1.99,,,user
616428176,2025-12-08T07:21:09,2025-12-08T07:29:30,sell,0.05,XAUUSDc,4213.93,4214.794,0,0,0,0,-4.32,,,user
616448992,2025-12-08T07:28:34,2025-12-08T07:29:30,sell,0.07,XAUUSDc,4215.466,4214.749,0,0,0,0,5.02,,,user
616416001,2025-12-08T07:18:31,2025-12-08T07:21:05,buy,0.05,XAUUSDc,4214.349,4213.919,0,0,0,0,-2.15,,,user
616416591,2025-12-08T07:18:38,2025-12-08T07:21:05,sell,0.05,XAUUSDc,4214.071,4214.134,0,0,0,0,-0.31,,,user
616422964,2025-12-08T07:20:41,2025-12-08T07:21:04,sell,0.07,XAUUSDc,4214.897,4214.251,0,0,0,0,4.52,,,user
616397925,2025-12-08T07:14:16,2025-12-08T07:18:25,buy,0.05,XAUUSDc,4215.271,4214.5,0,0,0,0,-3.86,,,user
616398061,2025-12-08T07:14:20,2025-12-08T07:18:25,sell,0.05,XAUUSDc,4215.149,4214.66,0,0,0,0,2.45,,,user
616410408,2025-12-08T07:17:33,2025-12-08T07:18:25,buy,0.07,XAUUSDc,4213.822,4214.5,0,0,0,0,4.75,,,user
616397396,2025-12-08T07:14:08,2025-12-08T07:14:08,buy,0.05,XAUUSDc,4214.805,4215.086,0,0,0,0,1.4,,,user
616367495,2025-12-08T07:08:35,2025-12-08T07:14:05,sell,0.05,XAUUSDc,4214.731,4214.705,0,0,0,0,0.13,,,user
616367516,2025-12-08T07:08:40,2025-12-08T07:14:05,buy,0.05,XAUUSDc,4214.672,4214.545,0,0,0,0,-0.63,,,user
616376410,2025-12-08T07:10:02,2025-12-08T07:14:05,sell,0.07,XAUUSDc,4215.443,4214.903,0,0,0,0,3.78,,,user
616324066,2025-12-08T07:01:15,2025-12-08T07:08:29,buy,0.05,XAUUSDc,4216.638,4214.717,0,0,0,0,-9.6,,,user
616323921,2025-12-08T07:01:21,2025-12-08T07:08:29,sell,0.05,XAUUSDc,4216.206,4214.831,0,0,0,0,6.87,,,user
616333389,2025-12-08T07:03:24,2025-12-08T07:08:29,buy,0.07,XAUUSDc,4215.716,4214.717,0,0,0,0,-6.99,,,user
616348716,2025-12-08T07:07:02,2025-12-08T07:08:29,buy,0.1,XAUUSDc,4213.317,4214.717,0,0,0,0,14,,,user
616291546,2025-12-08T06:52:18,2025-12-08T07:01:13,buy,0.05,XAUUSDc,4217.111,4215.928,0,0,0,0,-5.92,,,user
616292031,2025-12-08T06:52:20,2025-12-08T07:01:13,sell,0.05,XAUUSDc,4216.913,4216.312,0,0,0,0,3.01,,,user
616314411,2025-12-08T07:00:58,2025-12-08T07:01:13,buy,0.07,XAUUSDc,4215.51,4216.152,0,0,0,0,4.49,,,user
616264646,2025-12-08T06:43:43,2025-12-08T06:52:07,buy,0.05,XAUUSDc,4217.088,4216.4710000000005,0,0,0,0,-3.08,,,user
616264548,2025-12-08T06:43:52,2025-12-08T06:52:07,sell,0.05,XAUUSDc,4217.017,4216.7,0,0,0,0,1.59,,,user
616283428,2025-12-08T06:51:36,2025-12-08T06:52:07,buy,0.07,XAUUSDc,4215.928,4216.4710000000005,0,0,0,0,3.8,,,user
616239129,2025-12-08T06:38:37,2025-12-08T06:43:37,buy,0.05,XAUUSDc,4217.503,4216.701,0,0,0,0,-4.01,,,user
616239208,2025-12-08T06:38:39,2025-12-08T06:43:37,sell,0.05,XAUUSDc,4217.09,4216.861,0,0,0,0,1.14,,,user
616252426,2025-12-08T06:41:30,2025-12-08T06:43:37,buy,0.07,XAUUSDc,4216.998,4216.701,0,0,0,0,-2.08,,,user
616254924,2025-12-08T06:42:22,2025-12-08T06:43:37,buy,0.1,XAUUSDc,4215.776,4216.701,0,0,0,0,9.25,,,user
616226611,2025-12-08T06:36:55,2025-12-08T06:38:35,buy,0.05,XAUUSDc,4217.264,4216.946,0,0,0,0,-1.59,,,user
616227502,2025-12-08T06:37:01,2025-12-08T06:38:35,sell,0.05,XAUUSDc,4217.028,4217.157,0,0,0,0,-0.65,,,user
616232656,2025-12-08T06:37:59,2025-12-08T06:38:35,buy,0.07,XAUUSDc,4216.262,4216.997,0,0,0,0,5.15,,,user
616177631,2025-12-08T06:24:38,2025-12-08T06:36:50,sell,0.05,XAUUSDc,4215.8330000000005,4217.276,0,0,0,0,-7.21,,,user
616176925,2025-12-08T06:24:39,2025-12-08T06:36:50,buy,0.05,XAUUSDc,4216.419,4217.116,0,0,0,0,3.48,,,user
616181159,2025-12-08T06:25:18,2025-12-08T06:36:49,sell,0.07,XAUUSDc,4216.458,4217.276,0,0,0,0,-5.72,,,user
616201739,2025-12-08T06:32:54,2025-12-08T06:36:49,sell,0.1,XAUUSDc,4217.607,4217.276,0,0,0,0,3.31,,,user
616216155,2025-12-08T06:34:26,2025-12-08T06:36:49,sell,0.13,XAUUSDc,4218.121,4217.276,0,0,0,0,10.98,,,user
616145427,2025-12-08T06:19:12,2025-12-08T06:24:30,buy,0.05,XAUUSDc,4215.062,4216.575,0,0,0,0,7.57,,,user
616145484,2025-12-08T06:19:14,2025-12-08T06:24:30,sell,0.05,XAUUSDc,4214.822,4216.735,0,0,0,0,-9.57,,,user
616162086,2025-12-08T06:23:19,2025-12-08T06:24:30,sell,0.07,XAUUSDc,4217.426,4216.735,0,0,0,0,4.83,,,user
616142849,2025-12-08T06:19:04,2025-12-08T06:19:09,sell,0.05,XAUUSDc,4214.976,4214.816,0,0,0,0,0.8,,,user
616084350,2025-12-08T06:08:05,2025-12-08T06:19:01,sell,0.05,XAUUSDc,4213.12,4215.508,0,0,0,0,-11.94,,,user
616080516,2025-12-08T06:08:05,2025-12-08T06:19:01,buy,0.05,XAUUSDc,4213.496,4215.348,0,0,0,0,9.26,,,user
616095860,2025-12-08T06:10:03,2025-12-08T06:19:01,sell,0.07,XAUUSDc,4214.042,4215.508,0,0,0,0,-10.27,,,user
616106933,2025-12-08T06:13:09,2025-12-08T06:19:00,sell,0.1,XAUUSDc,4215.775,4215.508,0,0,0,0,2.67,,,user
616131720,2025-12-08T06:17:20,2025-12-08T06:19:00,sell,0.13,XAUUSDc,4216.962,4215.534,0,0,0,0,18.57,,,user
615872989,2025-12-08T05:31:00,2025-12-08T06:07:55,buy,0.05,XAUUSDc,4208.724,4213.991,0,0,0,0,26.34,,,user
615873012,2025-12-08T05:30:55,2025-12-08T06:07:54,sell,0.05,XAUUSDc,4208.328,4214.104,0,0,0,0,-28.88,,,user
615877184,2025-12-08T05:31:12,2025-12-08T06:07:54,sell,0.07,XAUUSDc,4208.95,4214.32,0,0,0,0,-37.59,,,user
615884796,2025-12-08T05:31:55,2025-12-08T06:07:54,sell,0.1,XAUUSDc,4210.193,4214.43,0,0,0,0,-42.37,,,user
615893666,2025-12-08T05:32:34,2025-12-08T06:07:54,sell,0.13,XAUUSDc,4211.593,4214.333,0,0,0,0,-35.62,,,user
615903697,2025-12-08T05:33:05,2025-12-08T06:07:53,sell,0.16,XAUUSDc,4214.272,4214.369,0,0,0,0,-1.55,,,user
615931474,2025-12-08T05:35:36,2025-12-08T06:07:53,sell,0.2,XAUUSDc,4215.041,4214.369,0,0,0,0,13.44,,,user
616007496,2025-12-08T05:54:42,2025-12-08T06:07:53,sell,0.25,XAUUSDc,4215.666,4214.369,0,0,0,0,32.42,,,user
616026590,2025-12-08T06:00:29,2025-12-08T06:07:53,sell,0.31,XAUUSDc,4217.903,4214.413,0,0,0,0,108.19,,,user
615839127,2025-12-08T05:22:41,2025-12-08T05:30:53,sell,0.05,XAUUSDc,4208.533,4208.646,0,0,0,0,-0.56,,,user
615839033,2025-12-08T05:22:46,2025-12-08T05:30:53,buy,0.05,XAUUSDc,4209.099,4208.486,0,0,0,0,-3.07,,,user
615847699,2025-12-08T05:25:12,2025-12-08T05:30:53,buy,0.07,XAUUSDc,4207.584,4208.486,0,0,0,0,6.31,,,user
615837512,2025-12-08T05:22:36,2025-12-08T05:22:38,buy,0.05,XAUUSDc,4208.586,4208.67,0,0,0,0,0.42,,,user
615834909,2025-12-08T05:22:32,2025-12-08T05:22:33,buy,0.05,XAUUSDc,4208.152,4208.386,0,0,0,0,1.17,,,user
615833608,2025-12-08T05:22:27,2025-12-08T05:22:28,buy,0.05,XAUUSDc,4207.579,4207.842,0,0,0,0,1.31,,,user
615781862,2025-12-08T05:02:17,2025-12-08T05:22:22,sell,0.05,XAUUSDc,4208.74,4207.503,0,0,0,0,6.18,,,user
615781857,2025-12-08T05:02:19,2025-12-08T05:22:22,buy,0.05,XAUUSDc,4209.169,4207.343,0,0,0,0,-9.13,,,user
615793471,2025-12-08T05:09:52,2025-12-08T05:22:22,buy,0.07,XAUUSDc,4208.437,4207.455,0,0,0,0,-6.87,,,user
615809037,2025-12-08T05:21:25,2025-12-08T05:22:22,buy,0.1,XAUUSDc,4205.691,4207.455,0,0,0,0,17.64,,,user
615780318,2025-12-08T05:01:42,2025-12-08T05:02:11,sell,0.05,XAUUSDc,4209.38,4209.164,0,0,0,0,1.08,,,user
615712224,2025-12-08T04:36:10,2025-12-08T05:01:38,buy,0.05,XAUUSDc,4211.908,4209.4800000000005,0,0,0,0,-12.14,,,user
615712213,2025-12-08T04:36:17,2025-12-08T05:01:38,sell,0.05,XAUUSDc,4211.744,4209.64,0,0,0,0,10.52,,,user
615719936,2025-12-08T04:40:20,2025-12-08T05:01:38,buy,0.07,XAUUSDc,4211.452,4209.4800000000005,0,0,0,0,-13.8,,,user
615729801,2025-12-08T04:44:42,2025-12-08T05:01:38,buy,0.1,XAUUSDc,4210.87,4209.4800000000005,0,0,0,0,-13.9,,,user
615745294,2025-12-08T04:53:52,2025-12-08T05:01:38,buy,0.13,XAUUSDc,4209.859,4209.4800000000005,0,0,0,0,-4.93,,,user
615756414,2025-12-08T04:56:19,2025-12-08T05:01:38,buy,0.16,XAUUSDc,4208.709,4209.4800000000005,0,0,0,0,12.34,,,user
615764434,2025-12-08T04:57:43,2025-12-08T05:01:38,buy,0.2,XAUUSDc,4207.648,4209.455,0,0,0,0,36.14,,,user
615669050,2025-12-08T04:19:26,2025-12-08T04:36:05,sell,0.05,XAUUSDc,4209.812,4211.674,0,0,0,0,-9.31,,,user
615669003,2025-12-08T04:19:31,2025-12-08T04:36:05,buy,0.05,XAUUSDc,4210.048,4211.514,0,0,0,0,7.33,,,user
615691658,2025-12-08T04:33:18,2025-12-08T04:36:05,sell,0.07,XAUUSDc,4211.103,4211.577,0,0,0,0,-3.32,,,user
615702824,2025-12-08T04:34:55,2025-12-08T04:36:05,sell,0.1,XAUUSDc,4212.625,4211.577,0,0,0,0,10.48,,,user
615632268,2025-12-08T04:04:26,2025-12-08T04:19:23,buy,0.05,XAUUSDc,4209.029,4209.912,0,0,0,0,4.41,,,user
615632540,2025-12-08T04:04:26,2025-12-08T04:19:23,sell,0.05,XAUUSDc,4208.522,4210.026,0,0,0,0,-7.52,,,user
615636504,2025-12-08T04:06:39,2025-12-08T04:19:23,sell,0.07,XAUUSDc,4209.289,4210.026,0,0,0,0,-5.16,,,user
615653282,2025-12-08T04:15:45,2025-12-08T04:19:23,sell,0.1,XAUUSDc,4211.489,4210.026,0,0,0,0,14.63,,,user
615605535,2025-12-08T03:53:36,2025-12-08T04:04:19,buy,0.05,XAUUSDc,4208.295,4208.92,0,0,0,0,3.12,,,user
615605706,2025-12-08T03:53:50,2025-12-08T04:04:19,sell,0.05,XAUUSDc,4208.298,4209.08,0,0,0,0,-3.91,,,user
615610394,2025-12-08T03:56:24,2025-12-08T04:04:19,sell,0.07,XAUUSDc,4209.582,4209.08,0,0,0,0,3.51,,,user
615578150,2025-12-08T03:39:34,2025-12-08T03:53:34,buy,0.05,XAUUSDc,4209.073,4208.035,0,0,0,0,-5.19,,,user
615578161,2025-12-08T03:39:37,2025-12-08T03:53:34,sell,0.05,XAUUSDc,4208.874,4208.409,0,0,0,0,2.32,,,user
615586804,2025-12-08T03:45:17,2025-12-08T03:53:34,buy,0.07,XAUUSDc,4208.25,4208.249,0,0,0,0,-0.01,,,user
615599497,2025-12-08T03:51:42,2025-12-08T03:53:34,buy,0.1,XAUUSDc,4207.5689999999995,4208.249,0,0,0,0,6.8,,,user
615556273,2025-12-08T03:34:58,2025-12-08T03:39:30,buy,0.05,XAUUSDc,4210.527,4208.511,0,0,0,0,-10.08,,,user
615556283,2025-12-08T03:35:03,2025-12-08T03:39:30,sell,0.05,XAUUSDc,4210.419,4208.671,0,0,0,0,8.74,,,user
615559109,2025-12-08T03:35:50,2025-12-08T03:39:30,buy,0.07,XAUUSDc,4208.613,4208.511,0,0,0,0,-0.71,,,user
615573135,2025-12-08T03:38:20,2025-12-08T03:39:30,buy,0.1,XAUUSDc,4207.945,4208.511,0,0,0,0,5.66,,,user
615555769,2025-12-08T03:34:49,2025-12-08T03:34:56,buy,0.05,XAUUSDc,4210.143,4210.3240000000005,0,0,0,0,0.9,,,user
615547471,2025-12-08T03:33:08,2025-12-08T03:34:48,buy,0.05,XAUUSDc,4209.849,4209.535,0,0,0,0,-1.57,,,user
615548270,2025-12-08T03:33:09,2025-12-08T03:34:47,sell,0.05,XAUUSDc,4209.591,4209.772,0,0,0,0,-0.9,,,user
615550075,2025-12-08T03:34:15,2025-12-08T03:34:47,sell,0.07,XAUUSDc,4210.5160000000005,4209.772,0,0,0,0,5.21,,,user
615533760,2025-12-08T03:30:05,2025-12-08T03:33:04,buy,0.05,XAUUSDc,4210.209,4209.589,0,0,0,0,-3.1,,,user
615533818,2025-12-08T03:30:05,2025-12-08T03:33:04,sell,0.05,XAUUSDc,4209.949,4209.749,0,0,0,0,1,,,user
615540066,2025-12-08T03:31:39,2025-12-08T03:33:04,sell,0.07,XAUUSDc,4210.496,4209.749,0,0,0,0,5.23,,,user
615494303,2025-12-08T03:21:16,2025-12-08T03:29:55,buy,0.05,XAUUSDc,4211.526,4209.9710000000005,0,0,0,0,-7.77,,,user
615494316,2025-12-08T03:21:18,2025-12-08T03:29:55,sell,0.05,XAUUSDc,4211.268,4210.131,0,0,0,0,5.68,,,user
615501343,2025-12-08T03:22:33,2025-12-08T03:29:55,buy,0.07,XAUUSDc,4210.768,4209.9710000000005,0,0,0,0,-5.58,,,user
615515751,2025-12-08T03:27:40,2025-12-08T03:29:55,buy,0.1,XAUUSDc,4208.757,4209.9710000000005,0,0,0,0,12.14,,,user
615432229,2025-12-08T03:07:37,2025-12-08T03:21:07,buy,0.05,XAUUSDc,4209.507,4211.2660000000005,0,0,0,0,8.79,,,user
615433574,2025-12-08T03:07:50,2025-12-08T03:21:06,sell,0.05,XAUUSDc,4209.362,4211.426,0,0,0,0,-10.32,,,user
615460035,2025-12-08T03:15:54,2025-12-08T03:21:06,sell,0.07,XAUUSDc,4210.678,4211.426,0,0,0,0,-5.23,,,user
615470006,2025-12-08T03:18:05,2025-12-08T03:21:06,sell,0.1,XAUUSDc,4212.537,4211.458,0,0,0,0,10.79,,,user
615403927,2025-12-08T03:00:14,2025-12-08T03:07:31,sell,0.05,XAUUSDc,4208.066,4208.919,0,0,0,0,-4.27,,,user
615403051,2025-12-08T03:00:17,2025-12-08T03:07:31,buy,0.05,XAUUSDc,4208.646,4208.747,0,0,0,0,0.51,,,user
615416418,2025-12-08T03:04:14,2025-12-08T03:07:31,buy,0.07,XAUUSDc,4207.769,4208.705,0,0,0,0,6.56,,,user
615402363,2025-12-08T03:00:04,2025-12-08T03:00:09,sell,0.05,XAUUSDc,4209.137,4208.641,0,0,0,0,2.48,,,user
615382167,2025-12-08T02:56:54,2025-12-08T03:00:01,buy,0.05,XAUUSDc,4210.575,4209.237,0,0,0,0,-6.69,,,user
615382235,2025-12-08T02:57:04,2025-12-08T03:00:01,sell,0.05,XAUUSDc,4210.235,4209.397,0,0,0,0,4.19,,,user
615390519,2025-12-08T02:59:45,2025-12-08T03:00:01,buy,0.07,XAUUSDc,4208.301,4209.237,0,0,0,0,6.55,,,user
615324800,2025-12-08T02:45:15,2025-12-08T02:56:49,sell,0.05,XAUUSDc,4208.021,4210.495,0,0,0,0,-12.37,,,user
615324642,2025-12-08T02:45:17,2025-12-08T02:56:49,buy,0.05,XAUUSDc,4208.316,4210.309,0,0,0,0,9.97,,,user
615332962,2025-12-08T02:47:13,2025-12-08T02:56:49,sell,0.07,XAUUSDc,4208.951,4210.675,0,0,0,0,-12.07,,,user
615356112,2025-12-08T02:53:40,2025-12-08T02:56:48,sell,0.1,XAUUSDc,4210.375,4210.496,0,0,0,0,-1.21,,,user
615365413,2025-12-08T02:55:34,2025-12-08T02:56:48,sell,0.13,XAUUSDc,4211.143,4210.496,0,0,0,0,8.41,,,user
615379208,2025-12-08T02:56:35,2025-12-08T02:56:48,sell,0.16,XAUUSDc,4211.83,4210.496,0,0,0,0,21.34,,,user
615323307,2025-12-08T02:45:11,2025-12-08T02:45:14,buy,0.05,XAUUSDc,4207.853,4208.131,0,0,0,0,1.39,,,user
615322271,2025-12-08T02:45:04,2025-12-08T02:45:07,buy,0.05,XAUUSDc,4207.28,4207.501,0,0,0,0,1.11,,,user
615310116,2025-12-08T02:43:38,2025-12-08T02:45:02,sell,0.05,XAUUSDc,4206.325,4207.0689999999995,0,0,0,0,-3.72,,,user
615310056,2025-12-08T02:43:42,2025-12-08T02:45:02,buy,0.05,XAUUSDc,4206.441,4206.909,0,0,0,0,2.34,,,user
615315738,2025-12-08T02:44:16,2025-12-08T02:45:02,buy,0.07,XAUUSDc,4206.138,4206.966,0,0,0,0,5.79,,,user
615309624,2025-12-08T02:43:30,2025-12-08T02:43:33,buy,0.05,XAUUSDc,4206.859,4206.992,0,0,0,0,0.66,,,user
615284425,2025-12-08T02:39:49,2025-12-08T02:43:29,buy,0.05,XAUUSDc,4206.108,4206.576,0,0,0,0,2.34,,,user
615284604,2025-12-08T02:39:47,2025-12-08T02:43:28,sell,0.05,XAUUSDc,4205.979,4206.736,0,0,0,0,-3.78,,,user
615287997,2025-12-08T02:40:18,2025-12-08T02:43:28,sell,0.07,XAUUSDc,4207.082,4206.736,0,0,0,0,2.42,,,user
615293453,2025-12-08T02:40:43,2025-12-08T02:43:28,sell,0.1,XAUUSDc,4207.731,4206.738,0,0,0,0,9.93,,,user
615276973,2025-12-08T02:38:43,2025-12-08T02:39:42,sell,0.05,XAUUSDc,4206.084,4206.379,0,0,0,0,-1.48,,,user
615276915,2025-12-08T02:38:50,2025-12-08T02:39:42,buy,0.05,XAUUSDc,4206.244,4206.219,0,0,0,0,-0.12,,,user
615281600,2025-12-08T02:39:34,2025-12-08T02:39:42,buy,0.07,XAUUSDc,4205.613,4206.219,0,0,0,0,4.24,,,user
615267579,2025-12-08T02:37:24,2025-12-08T02:38:41,buy,0.05,XAUUSDc,4206.395,4206.184,0,0,0,0,-1.06,,,user
615268306,2025-12-08T02:37:24,2025-12-08T02:38:41,sell,0.05,XAUUSDc,4206.106,4206.344,0,0,0,0,-1.19,,,user
615271596,2025-12-08T02:38:11,2025-12-08T02:38:41,sell,0.07,XAUUSDc,4207.211,4206.344,0,0,0,0,6.07,,,user
615267123,2025-12-08T02:37:08,2025-12-08T02:37:13,buy,0.05,XAUUSDc,4206.377,4206.62,0,0,0,0,1.21,,,user
615227908,2025-12-08T02:34:05,2025-12-08T02:37:07,buy,0.05,XAUUSDc,4202.019,4206.15,0,0,0,0,20.65,,,user
615227980,2025-12-08T02:34:07,2025-12-08T02:37:07,sell,0.05,XAUUSDc,4201.524,4206.515,0,0,0,0,-24.96,,,user
615247346,2025-12-08T02:36:52,2025-12-08T02:37:06,sell,0.07,XAUUSDc,4207.103,4206.559,0,0,0,0,3.81,,,user
615210308,2025-12-08T02:32:21,2025-12-08T02:34:04,sell,0.05,XAUUSDc,4203.072,4201.7,0,0,0,0,6.86,,,user
615210268,2025-12-08T02:32:25,2025-12-08T02:34:04,buy,0.05,XAUUSDc,4203.272,4201.5740000000005,0,0,0,0,-8.49,,,user
615217148,2025-12-08T02:33:51,2025-12-08T02:34:04,buy,0.07,XAUUSDc,4201.508,4201.586,0,0,0,0,0.54,,,user
615223380,2025-12-08T02:34:02,2025-12-08T02:34:04,buy,0.1,XAUUSDc,4200.614,4201.331,0,0,0,0,7.17,,,user
615183399,2025-12-08T02:28:35,2025-12-08T02:32:17,buy,0.05,XAUUSDc,4202.196,4203.261,0,0,0,0,5.33,,,user
615183666,2025-12-08T02:28:36,2025-12-08T02:32:17,sell,0.05,XAUUSDc,4201.969,4203.421,0,0,0,0,-7.26,,,user
615189817,2025-12-08T02:29:55,2025-12-08T02:32:17,sell,0.07,XAUUSDc,4202.943,4203.421,0,0,0,0,-3.35,,,user
615197701,2025-12-08T02:30:17,2025-12-08T02:32:17,sell,0.1,XAUUSDc,4203.964,4203.352,0,0,0,0,6.12,,,user
615155581,2025-12-08T02:17:35,2025-12-08T02:28:32,buy,0.05,XAUUSDc,4201.757,4202.044,0,0,0,0,1.43,,,user
615156837,2025-12-08T02:17:37,2025-12-08T02:28:32,sell,0.05,XAUUSDc,4201.817,4202.204,0,0,0,0,-1.93,,,user
615169311,2025-12-08T02:22:19,2025-12-08T02:28:32,buy,0.07,XAUUSDc,4201.113,4202.044,0,0,0,0,6.52,,,user
615133049,2025-12-08T02:11:34,2025-12-08T02:17:28,buy,0.05,XAUUSDc,4201.631,4201.263,0,0,0,0,-1.84,,,user
615134769,2025-12-08T02:11:39,2025-12-08T02:17:28,sell,0.05,XAUUSDc,4200.571,4201.455,0,0,0,0,-4.42,,,user
615135371,2025-12-08T02:11:42,2025-12-08T02:17:28,buy,0.07,XAUUSDc,4200.823,4200.973,0,0,0,0,1.05,,,user
615144744,2025-12-08T02:15:09,2025-12-08T02:17:28,buy,0.1,XAUUSDc,4200.19,4200.973,0,0,0,0,7.83,,,user
615131919,2025-12-08T02:11:25,2025-12-08T02:11:32,buy,0.05,XAUUSDc,4200.791,4200.992,0,0,0,0,1,,,user
615121698,2025-12-08T02:07:30,2025-12-08T02:11:22,sell,0.05,XAUUSDc,4199.897,4200.769,0,0,0,0,-4.36,,,user
615122009,2025-12-08T02:07:44,2025-12-08T02:11:21,buy,0.05,XAUUSDc,4200.517,4200.609,0,0,0,0,0.46,,,user
615127345,2025-12-08T02:10:20,2025-12-08T02:11:21,buy,0.07,XAUUSDc,4199.673,4200.609,0,0,0,0,6.55,,,user
615121111,2025-12-08T02:07:23,2025-12-08T02:07:25,sell,0.05,XAUUSDc,4200.462,4200.202,0,0,0,0,1.3,,,user
615101990,2025-12-08T02:04:27,2025-12-08T02:07:21,sell,0.05,XAUUSDc,4200.36,4200.722,0,0,0,0,-1.81,,,user
615102428,2025-12-08T02:04:31,2025-12-08T02:07:21,buy,0.05,XAUUSDc,4201.465,4200.562,0,0,0,0,-4.52,,,user
615105359,2025-12-08T02:05:22,2025-12-08T02:07:21,buy,0.07,XAUUSDc,4200.651,4200.477,0,0,0,0,-1.22,,,user
615110130,2025-12-08T02:06:07,2025-12-08T02:07:20,buy,0.1,XAUUSDc,4199.361,4200.477,0,0,0,0,11.16,,,user
615088493,2025-12-08T02:01:58,2025-12-08T02:04:25,buy,0.05,XAUUSDc,4200.867,4200.488,0,0,0,0,-1.9,,,user
615088638,2025-12-08T02:01:59,2025-12-08T02:04:25,sell,0.05,XAUUSDc,4200.52,4200.659,0,0,0,0,-0.7,,,user
615097612,2025-12-08T02:04:16,2025-12-08T02:04:25,sell,0.07,XAUUSDc,4201.459,4200.659,0,0,0,0,5.6,,,user
615067410,2025-12-08T01:58:23,2025-12-08T02:01:54,sell,0.05,XAUUSDc,4199.719,4200.943,0,0,0,0,-6.12,,,user
615067771,2025-12-08T01:58:30,2025-12-08T02:01:53,buy,0.05,XAUUSDc,4199.986,4200.716,0,0,0,0,3.65,,,user
615073827,2025-12-08T02:00:02,2025-12-08T02:01:53,sell,0.07,XAUUSDc,4200.542,4200.619,0,0,0,0,-0.54,,,user
615080833,2025-12-08T02:00:49,2025-12-08T02:01:53,sell,0.1,XAUUSDc,4201.551,4200.619,0,0,0,0,9.32,,,user
615041838,2025-12-08T01:55:06,2025-12-08T01:58:19,sell,0.05,XAUUSDc,4201.942,4199.8369999999995,0,0,0,0,10.52,,,user
615042127,2025-12-08T01:55:11,2025-12-08T01:58:18,buy,0.05,XAUUSDc,4202.146,4199.677,0,0,0,0,-12.34,,,user
615044716,2025-12-08T01:55:41,2025-12-08T01:58:18,buy,0.07,XAUUSDc,4201.346,4199.775,0,0,0,0,-10.99,,,user
615052714,2025-12-08T01:57:29,2025-12-08T01:58:18,buy,0.1,XAUUSDc,4199.69,4199.652,0,0,0,0,-0.38,,,user
615058337,2025-12-08T01:57:54,2025-12-08T01:58:18,buy,0.13,XAUUSDc,4198.336,4199.652,0,0,0,0,17.11,,,user
615030802,2025-12-08T01:53:20,2025-12-08T01:55:04,buy,0.05,XAUUSDc,4201.932,4202.115,0,0,0,0,0.92,,,user
615031161,2025-12-08T01:53:23,2025-12-08T01:55:04,sell,0.05,XAUUSDc,4201.592,4202.275,0,0,0,0,-3.42,,,user
615035625,2025-12-08T01:54:11,2025-12-08T01:55:03,buy,0.07,XAUUSDc,4201.271,4202.146,0,0,0,0,6.12,,,user
615025692,2025-12-08T01:52:23,2025-12-08T01:53:12,sell,0.05,XAUUSDc,4201.752,4202.099,0,0,0,0,-1.74,,,user
615024962,2025-12-08T01:52:25,2025-12-08T01:53:12,buy,0.05,XAUUSDc,4201.988,4201.939,0,0,0,0,-0.24,,,user
615027837,2025-12-08T01:52:57,2025-12-08T01:53:12,buy,0.07,XAUUSDc,4201.112,4201.889,0,0,0,0,5.44,,,user
615023602,2025-12-08T01:52:17,2025-12-08T01:52:19,buy,0.05,XAUUSDc,4202.2609999999995,4202.5,0,0,0,0,1.19,,,user
615023321,2025-12-08T01:52:14,2025-12-08T01:52:16,buy,0.05,XAUUSDc,4201.752,4201.947,0,0,0,0,0.98,,,user
614988347,2025-12-08T01:48:37,2025-12-08T01:52:13,buy,0.05,XAUUSDc,4203.791,4201.492,0,0,0,0,-11.5,,,user
614988401,2025-12-08T01:48:40,2025-12-08T01:52:12,sell,0.05,XAUUSDc,4203.542,4202.099,0,0,0,0,7.21,,,user
614993848,2025-12-08T01:49:17,2025-12-08T01:52:11,buy,0.07,XAUUSDc,4203.236,4201.826,0,0,0,0,-9.87,,,user
614996616,2025-12-08T01:49:34,2025-12-08T01:52:10,buy,0.1,XAUUSDc,4201.1,4201.791,0,0,0,0,6.91,,,user
615014058,2025-12-08T01:51:20,2025-12-08T01:52:09,buy,0.13,XAUUSDc,4199.652,4201.291,0,0,0,0,21.3,,,user
614977032,2025-12-08T01:47:31,2025-12-08T01:48:36,buy,0.05,XAUUSDc,4204.434,4203.531,0,0,0,0,-4.51,,,user
614978127,2025-12-08T01:47:39,2025-12-08T01:48:35,sell,0.05,XAUUSDc,4203.8150000000005,4203.744,0,0,0,0,0.36,,,user
614984144,2025-12-08T01:48:25,2025-12-08T01:48:34,sell,0.07,XAUUSDc,4204.823,4203.713,0,0,0,0,7.77,,,user
614970591,2025-12-08T01:47:24,2025-12-08T01:47:28,buy,0.05,XAUUSDc,4203.697,4204.054,0,0,0,0,1.78,,,user
614958760,2025-12-08T01:46:26,2025-12-08T01:47:18,buy,0.05,XAUUSDc,4207.081,4205.635,0,0,0,0,-7.23,,,user
614958816,2025-12-08T01:46:27,2025-12-08T01:47:18,sell,0.05,XAUUSDc,4206.578,4205.795,0,0,0,0,3.91,,,user
614962647,2025-12-08T01:47:05,2025-12-08T01:47:18,sell,0.07,XAUUSDc,4207.125,4206.12,0,0,0,0,7.04,,,user
614946505,2025-12-08T01:44:14,2025-12-08T01:46:25,buy,0.05,XAUUSDc,4206.894,4206.821,0,0,0,0,-0.36,,,user
614946670,2025-12-08T01:44:22,2025-12-08T01:46:25,sell,0.05,XAUUSDc,4206.842,4206.981,0,0,0,0,-0.7,,,user
614956242,2025-12-08T01:46:17,2025-12-08T01:46:25,buy,0.07,XAUUSDc,4206.178,4206.821,0,0,0,0,4.5,,,user
614932481,2025-12-08T01:41:46,2025-12-08T01:44:12,buy,0.05,XAUUSDc,4206.938,4206.544,0,0,0,0,-1.97,,,user
614933216,2025-12-08T01:41:50,2025-12-08T01:44:12,sell,0.05,XAUUSDc,4206.609,4206.675,0,0,0,0,-0.33,,,user
614937024,2025-12-08T01:42:14,2025-12-08T01:44:12,sell,0.07,XAUUSDc,4207.134,4206.644,0,0,0,0,3.43,,,user
614922581,2025-12-08T01:40:26,2025-12-08T01:41:44,buy,0.05,XAUUSDc,4208.266,4206.678,0,0,0,0,-7.94,,,user
614922859,2025-12-08T01:40:32,2025-12-08T01:41:44,sell,0.05,XAUUSDc,4207.679,4206.889,0,0,0,0,3.95,,,user
614924701,2025-12-08T01:41:20,2025-12-08T01:41:44,buy,0.07,XAUUSDc,4206.613,4206.729,0,0,0,0,0.81,,,user
614930841,2025-12-08T01:41:41,2025-12-08T01:41:44,buy,0.1,XAUUSDc,4206.002,4206.729,0,0,0,0,7.27,,,user
614917226,2025-12-08T01:38:57,2025-12-08T01:40:24,sell,0.05,XAUUSDc,4208.193,4208.166,0,0,0,0,0.14,,,user
614917131,2025-12-08T01:39:00,2025-12-08T01:40:24,buy,0.05,XAUUSDc,4208.284,4208.006,0,0,0,0,-1.39,,,user
614920963,2025-12-08T01:40:06,2025-12-08T01:40:24,buy,0.07,XAUUSDc,4207.41,4208.006,0,0,0,0,4.17,,,user
614910291,2025-12-08T01:36:56,2025-12-08T01:38:54,sell,0.05,XAUUSDc,4207.865,4208.426,0,0,0,0,-2.8,,,user
614910200,2025-12-08T01:36:57,2025-12-08T01:38:54,buy,0.05,XAUUSDc,4208.124,4208.293,0,0,0,0,0.85,,,user
614914845,2025-12-08T01:37:56,2025-12-08T01:38:54,buy,0.07,XAUUSDc,4207.473,4208.2660000000005,0,0,0,0,5.55,,,user
614892407,2025-12-08T01:33:09,2025-12-08T01:36:54,buy,0.05,XAUUSDc,4208.814,4208.067,0,0,0,0,-3.73,,,user
614892631,2025-12-08T01:33:16,2025-12-08T01:36:54,sell,0.05,XAUUSDc,4208.831,4208.227,0,0,0,0,3.02,,,user
614903014,2025-12-08T01:36:08,2025-12-08T01:36:54,buy,0.07,XAUUSDc,4207.937,4207.966,0,0,0,0,0.2,,,user
614907531,2025-12-08T01:36:22,2025-12-08T01:36:53,buy,0.1,XAUUSDc,4207.28,4207.899,0,0,0,0,6.19,,,user
614889992,2025-12-08T01:33:00,2025-12-08T01:33:02,buy,0.05,XAUUSDc,4207.374,4208.418,0,0,0,0,5.22,,,user
614888611,2025-12-08T01:32:42,2025-12-08T01:32:59,sell,0.05,XAUUSDc,4207.563,4207.2609999999995,0,0,0,0,1.51,,,user
614874690,2025-12-08T01:30:29,2025-12-08T01:32:40,buy,0.05,XAUUSDc,4209.725,4207.767,0,0,0,0,-9.79,,,user
614875922,2025-12-08T01:30:44,2025-12-08T01:32:40,sell,0.05,XAUUSDc,4209.339,4207.973,0,0,0,0,6.83,,,user
614877735,2025-12-08T01:31:26,2025-12-08T01:32:40,buy,0.07,XAUUSDc,4207.809,4207.808,0,0,0,0,0,,,user
614885596,2025-12-08T01:32:22,2025-12-08T01:32:40,buy,0.1,XAUUSDc,4207.194,4207.78,0,0,0,0,5.86,,,user
614862493,2025-12-08T01:28:30,2025-12-08T01:30:24,buy,0.05,XAUUSDc,4209.395,4209.465,0,0,0,0,0.35,,,user
614862506,2025-12-08T01:28:33,2025-12-08T01:30:24,sell,0.05,XAUUSDc,4208.8460000000005,4209.625,0,0,0,0,-3.9,,,user
614866470,2025-12-08T01:29:43,2025-12-08T01:30:24,buy,0.07,XAUUSDc,4208.598,4209.465,0,0,0,0,6.07,,,user
614835667,2025-12-08T01:22:03,2025-12-08T01:28:29,buy,0.05,XAUUSDc,4208.822,4209.135,0,0,0,0,1.57,,,user
614836939,2025-12-08T01:22:06,2025-12-08T01:28:28,sell,0.05,XAUUSDc,4208.416,4209.3769999999995,0,0,0,0,-4.81,,,user
614847410,2025-12-08T01:24:58,2025-12-08T01:28:28,sell,0.07,XAUUSDc,4209.378,4209.365,0,0,0,0,0.09,,,user
614860832,2025-12-08T01:28:05,2025-12-08T01:28:28,sell,0.1,XAUUSDc,4210.05,4209.365,0,0,0,0,6.85,,,user
614833190,2025-12-08T01:21:56,2025-12-08T01:22:00,buy,0.05,XAUUSDc,4208.291,4208.488,0,0,0,0,0.98,,,user
614818861,2025-12-08T01:18:35,2025-12-08T01:21:54,sell,0.05,XAUUSDc,4207.462,4208.191,0,0,0,0,-3.65,,,user
614819129,2025-12-08T01:18:41,2025-12-08T01:21:54,buy,0.05,XAUUSDc,4208.093,4207.973,0,0,0,0,-0.6,,,user
614823336,2025-12-08T01:20:02,2025-12-08T01:21:53,buy,0.07,XAUUSDc,4206.971,4207.973,0,0,0,0,7.01,,,user
614818466,2025-12-08T01:18:31,2025-12-08T01:18:33,sell,0.05,XAUUSDc,4208.062,4207.678,0,0,0,0,1.92,,,user
614815119,2025-12-08T01:18:21,2025-12-08T01:18:24,buy,0.05,XAUUSDc,4207.816,4208.31,0,0,0,0,2.47,,,user
614802380,2025-12-08T01:16:40,2025-12-08T01:18:12,buy,0.05,XAUUSDc,4205.939,4206.428,0,0,0,0,2.44,,,user
614802445,2025-12-08T01:16:45,2025-12-08T01:18:12,sell,0.05,XAUUSDc,4205.851,4206.658,0,0,0,0,-4.03,,,user
614810729,2025-12-08T01:18:04,2025-12-08T01:18:12,buy,0.07,XAUUSDc,4205.674,4206.371,0,0,0,0,4.88,,,user
614771434,2025-12-08T01:10:06,2025-12-08T01:16:37,sell,0.05,XAUUSDc,4204.257,4205.8859999999995,0,0,0,0,-8.14,,,user
614773664,2025-12-08T01:10:17,2025-12-08T01:16:37,buy,0.05,XAUUSDc,4205.353,4205.514,0,0,0,0,0.8,,,user
614774811,2025-12-08T01:10:47,2025-12-08T01:16:37,sell,0.07,XAUUSDc,4205.793,4205.561,0,0,0,0,1.62,,,user
614795190,2025-12-08T01:16:01,2025-12-08T01:16:37,sell,0.1,XAUUSDc,4206.623,4205.715,0,0,0,0,9.08,,,user
614756405,2025-12-08T01:08:36,2025-12-08T01:10:05,sell,0.05,XAUUSDc,4205.27,4204.517,0,0,0,0,3.76,,,user
614757148,2025-12-08T01:08:40,2025-12-08T01:10:04,buy,0.05,XAUUSDc,4205.989,4204.357,0,0,0,0,-8.16,,,user
614761127,2025-12-08T01:09:11,2025-12-08T01:10:04,buy,0.07,XAUUSDc,4204.313,4204.399,0,0,0,0,0.6,,,user
614766549,2025-12-08T01:10:00,2025-12-08T01:10:04,buy,0.1,XAUUSDc,4203.327,4204.227,0,0,0,0,9,,,user
614733602,2025-12-08T01:06:00,2025-12-08T01:08:32,buy,0.05,XAUUSDc,4204.791,4205.381,0,0,0,0,2.95,,,user
614737238,2025-12-08T01:06:15,2025-12-08T01:08:32,sell,0.05,XAUUSDc,4204.374,4205.541,0,0,0,0,-5.84,,,user
614741674,2025-12-08T01:07:11,2025-12-08T01:08:32,sell,0.07,XAUUSDc,4206.365,4205.541,0,0,0,0,5.77,,,user
614718641,2025-12-08T01:04:54,2025-12-08T01:05:59,sell,0.05,XAUUSDc,4204.961,4204.507,0,0,0,0,2.27,,,user
614718519,2025-12-08T01:04:54,2025-12-08T01:05:59,buy,0.05,XAUUSDc,4205.469,4204.347,0,0,0,0,-5.61,,,user
614721082,2025-12-08T01:05:11,2025-12-08T01:05:59,buy,0.07,XAUUSDc,4204.906,4204.347,0,0,0,0,-3.91,,,user
614726853,2025-12-08T01:05:49,2025-12-08T01:05:58,buy,0.1,XAUUSDc,4203.071,4204.347,0,0,0,0,12.76,,,user
612988933,2025-12-05T10:03:38,2025-12-05T10:17:51,sell,0.1,XAUUSDc,4224.658,4225.39,0,0,0,0,-7.32,,,user
612988931,2025-12-05T10:03:51,2025-12-05T10:17:50,buy,0.1,XAUUSDc,4225.014,4225.276,0,0,0,0,2.62,,,user
612988789,2025-12-05T10:03:16,2025-12-05T10:03:33,sell,0.1,XAUUSDc,4225.106,4225.018,0,0,0,0,0.88,,,user
612988668,2025-12-05T10:03:07,2025-12-05T10:03:11,buy,0.1,XAUUSDc,4225.324,4225.414,0,0,0,0,0.9,,,user
612976850,2025-12-05T09:55:15,2025-12-05T10:03:04,buy,0.1,XAUUSDc,4223.828,4225.135,0,0,0,0,13.07,,,user
612976866,2025-12-05T09:55:20,2025-12-05T10:03:04,sell,0.1,XAUUSDc,4223.638,4225.295,0,0,0,0,-16.57,,,user
612979353,2025-12-05T10:00:08,2025-12-05T10:03:03,sell,0.14,XAUUSDc,4224.897,4225.2699999999995,0,0,0,0,-5.22,,,user
612987047,2025-12-05T10:02:28,2025-12-05T10:03:03,sell,0.18,XAUUSDc,4225.544,4225.01,0,0,0,0,9.61,,,user
612948192,2025-12-05T09:33:18,2025-12-05T09:55:11,buy,0.1,XAUUSDc,4221.105,4223.63,0,0,0,0,25.25,,,user
612948201,2025-12-05T09:33:19,2025-12-05T09:55:10,sell,0.1,XAUUSDc,4220.821,4223.79,0,0,0,0,-29.69,,,user
612953654,2025-12-05T09:40:11,2025-12-05T09:55:10,sell,0.14,XAUUSDc,4223.765,4223.79,0,0,0,0,-0.35,,,user
612973970,2025-12-05T09:52:06,2025-12-05T09:55:10,sell,0.18,XAUUSDc,4224.414,4223.79,0,0,0,0,11.23,,,user
612943560,2025-12-05T09:30:51,2025-12-05T09:33:14,sell,0.1,XAUUSDc,4220.767,4221.0689999999995,0,0,0,0,-3.02,,,user
612943615,2025-12-05T09:30:55,2025-12-05T09:33:14,buy,0.1,XAUUSDc,4221.141,4220.909,0,0,0,0,-2.32,,,user
612945803,2025-12-05T09:31:51,2025-12-05T09:33:14,buy,0.14,XAUUSDc,4220.32,4220.909,0,0,0,0,8.25,,,user
612929396,2025-12-05T09:23:57,2025-12-05T09:30:43,sell,0.1,XAUUSDc,4218.334,4220.835,0,0,0,0,-25.01,,,user
612929927,2025-12-05T09:24:12,2025-12-05T09:30:43,buy,0.1,XAUUSDc,4218.544,4220.578,0,0,0,0,20.34,,,user
612932551,2025-12-05T09:28:48,2025-12-05T09:30:42,sell,0.14,XAUUSDc,4221.232,4220.738,0,0,0,0,6.92,,,user
612921338,2025-12-05T09:21:57,2025-12-05T09:23:53,buy,0.1,XAUUSDc,4218.832,4218.434,0,0,0,0,-3.98,,,user
612921377,2025-12-05T09:22:04,2025-12-05T09:23:53,sell,0.1,XAUUSDc,4218.787,4218.594,0,0,0,0,1.93,,,user
612928429,2025-12-05T09:23:42,2025-12-05T09:23:53,sell,0.14,XAUUSDc,4219.113,4218.664,0,0,0,0,6.28,,,user
612914493,2025-12-05T09:19:18,2025-12-05T09:21:55,buy,0.1,XAUUSDc,4218.48,4218.397,0,0,0,0,-0.83,,,user
612914464,2025-12-05T09:19:20,2025-12-05T09:21:55,sell,0.1,XAUUSDc,4217.941,4218.557,0,0,0,0,-6.16,,,user
612918649,2025-12-05T09:21:05,2025-12-05T09:21:54,buy,0.14,XAUUSDc,4217.554,4218.397,0,0,0,0,11.8,,,user
612913772,2025-12-05T09:19:05,2025-12-05T09:19:14,buy,0.1,XAUUSDc,4217.75,4217.929,0,0,0,0,1.79,,,user
612905759,2025-12-05T09:18:22,2025-12-05T09:18:27,sell,0.1,XAUUSDc,4217.293,4216.58,0,0,0,0,7.13,,,user
612900079,2025-12-05T09:17:09,2025-12-05T09:17:22,sell,0.1,XAUUSDc,4217.949,4217.7029999999995,0,0,0,0,2.46,,,user
612896698,2025-12-05T09:14:30,2025-12-05T09:14:57,sell,0.1,XAUUSDc,4218.801,4218.58,0,0,0,0,2.21,,,user
612892790,2025-12-05T09:13:26,2025-12-05T09:13:34,sell,0.1,XAUUSDc,4220.117,4219.459,0,0,0,0,6.58,,,user
612854809,2025-12-05T08:56:28,2025-12-05T09:10:47,buy,0.1,XAUUSDc,4222.121,4219.576,0,0,0,0,-25.45,,,user
612854710,2025-12-05T08:56:52,2025-12-05T09:10:47,sell,0.1,XAUUSDc,4221.519,4219.736,0,0,0,0,17.83,,,user
612863616,2025-12-05T09:01:43,2025-12-05T09:10:47,buy,0.14,XAUUSDc,4220.956,4219.601,0,0,0,0,-18.97,,,user
612871401,2025-12-05T09:07:53,2025-12-05T09:10:47,buy,0.18,XAUUSDc,4218.392,4219.875,0,0,0,0,26.69,,,user
612838349,2025-12-05T08:49:18,2025-12-05T08:49:46,buy,0.1,XAUUSDc,4223.273,4223.47,0,0,0,0,1.97,,,user
612831215,2025-12-05T08:41:08,2025-12-05T08:41:33,buy,0.1,XAUUSDc,4224.101,4224.166,0,0,0,0,0.65,,,user
612817809,2025-12-05T08:35:04,2025-12-05T08:37:14,sell,0.1,XAUUSDc,4224.083,4224.598,0,0,0,0,-5.15,,,user
612825902,2025-12-05T08:36:25,2025-12-05T08:37:14,sell,0.14,XAUUSDc,4225.115,4224.598,0,0,0,0,7.24,,,user
612806948,2025-12-05T08:30:40,2025-12-05T08:31:16,sell,0.1,XAUUSDc,4222.868,4222.297,0,0,0,0,5.71,,,user
612801557,2025-12-05T08:29:26,2025-12-05T08:29:35,sell,0.1,XAUUSDc,4224.155,4223.876,0,0,0,0,2.79,,,user
612775545,2025-12-05T08:17:01,2025-12-05T08:25:00,sell,0.1,XAUUSDc,4222.636,4224.349,0,0,0,0,-17.13,,,user
612786628,2025-12-05T08:19:15,2025-12-05T08:24:59,sell,0.14,XAUUSDc,4224.436,4224.411,0,0,0,0,0.35,,,user
612792380,2025-12-05T08:22:55,2025-12-05T08:24:58,sell,0.18,XAUUSDc,4225.847,4224.46,0,0,0,0,24.97,,,user
612763548,2025-12-05T08:08:43,2025-12-05T08:09:06,buy,0.1,XAUUSDc,4222.671,4222.7300000000005,0,0,0,0,0.59,,,user
612760214,2025-12-05T08:06:25,2025-12-05T08:06:33,sell,0.1,XAUUSDc,4226.082,4226.031,0,0,0,0,0.51,,,user
612757563,2025-12-05T08:03:31,2025-12-05T08:05:04,sell,0.1,XAUUSDc,4225.629,4225.507,0,0,0,0,1.22,,,user
612753731,2025-12-05T08:02:13,2025-12-05T08:02:22,sell,0.1,XAUUSDc,4225.506,4225.111,0,0,0,0,3.95,,,user
612752916,2025-12-05T08:00:18,2025-12-05T08:00:20,sell,0.1,XAUUSDc,4225.074,4224.9439999999995,0,0,0,0,1.3,,,user
612746474,2025-12-05T07:59:46,2025-12-05T07:59:50,sell,0.1,XAUUSDc,4224.332,4224.092,0,0,0,0,2.4,,,user
612728229,2025-12-05T07:45:39,2025-12-05T07:51:04,sell,0.1,XAUUSDc,4224.031,4224.17,0,0,0,0,-1.39,,,user
612731285,2025-12-05T07:48:12,2025-12-05T07:51:04,sell,0.14,XAUUSDc,4224.806,4224.021,0,0,0,0,10.99,,,user
612722469,2025-12-05T07:43:10,2025-12-05T07:43:35,sell,0.1,XAUUSDc,4225.963,4225.572,0,0,0,0,3.91,,,user
612719077,2025-12-05T07:37:24,2025-12-05T07:38:14,sell,0.1,XAUUSDc,4227.126,4227.005,0,0,0,0,1.21,,,user
612716020,2025-12-05T07:36:18,2025-12-05T07:36:37,buy,0.1,XAUUSDc,4227.454,4227.61,0,0,0,0,1.56,,,user
612705283,2025-12-05T07:32:26,2025-12-05T07:33:51,buy,0.1,XAUUSDc,4227.499,4227.7,0,0,0,0,2.01,,,user
612703512,2025-12-05T07:30:05,2025-12-05T07:30:05,sell,0.1,XAUUSDc,4229.955,4229.758,0,0,0,0,1.97,,,user
612637290,2025-12-05T06:52:58,2025-12-05T07:29:33,sell,0.1,XAUUSDc,4224.008,4230.716,0,0,0,0,-67.08,,,user
612639568,2025-12-05T06:56:33,2025-12-05T07:29:33,sell,0.14,XAUUSDc,4224.937,4230.692,0,0,0,0,-80.57,,,user
612644042,2025-12-05T07:00:05,2025-12-05T07:29:32,buy,0.1,XAUUSDc,4225.652,4230.532,0,0,0,0,48.8,,,user
612645312,2025-12-05T07:00:24,2025-12-05T07:29:32,buy,0.14,XAUUSDc,4226.383,4230.532,0,0,0,0,58.09,,,user
612646111,2025-12-05T07:00:34,2025-12-05T07:29:32,sell,0.18,XAUUSDc,4226.174,4230.719,0,0,0,0,-81.81,,,user
612646286,2025-12-05T07:01:01,2025-12-05T07:29:32,buy,0.18,XAUUSDc,4227.142,4230.689,0,0,0,0,63.84,,,user
612648637,2025-12-05T07:01:07,2025-12-05T07:29:32,sell,0.23,XAUUSDc,4226.881,4230.696,0,0,0,0,-87.75,,,user
612648379,2025-12-05T07:08:33,2025-12-05T07:29:32,buy,0.23,XAUUSDc,4227.791,4230.5650000000005,0,0,0,0,63.81,,,user
612658426,2025-12-05T07:09:28,2025-12-05T07:29:31,buy,0.28,XAUUSDc,4228.682,4230.536,0,0,0,0,51.91,,,user
612661294,2025-12-05T07:10:06,2025-12-05T07:29:31,buy,0.36,XAUUSDc,4229.348,4230.461,0,0,0,0,40.07,,,user
612665948,2025-12-05T07:10:33,2025-12-05T07:29:31,buy,0.44,XAUUSDc,4229.985,4230.421,0,0,0,0,19.18,,,user
612660165,2025-12-05T07:10:42,2025-12-05T07:29:31,sell,0.28,XAUUSDc,4229.455,4230.621,0,0,0,0,-32.65,,,user
612668364,2025-12-05T07:11:09,2025-12-05T07:29:31,buy,0.55,XAUUSDc,4230.634,4230.3640000000005,0,0,0,0,-14.85,,,user
612634981,2025-12-05T06:50:13,2025-12-05T06:50:16,sell,0.1,XAUUSDc,4224.55,4224.321,0,0,0,0,2.29,,,user
612631622,2025-12-05T06:47:18,2025-12-05T06:47:35,buy,0.1,XAUUSDc,4225.577,4225.703,0,0,0,0,1.26,,,user
612624047,2025-12-05T06:43:08,2025-12-05T06:43:11,buy,0.1,XAUUSDc,4226.243,4226.436,0,0,0,0,1.93,,,user
612617513,2025-12-05T06:39:40,2025-12-05T06:39:45,sell,0.1,XAUUSDc,4226.658,4226.456,0,0,0,0,2.02,,,user
612603051,2025-12-05T06:37:53,2025-12-05T06:37:58,sell,0.1,XAUUSDc,4227.245,4227.0779999999995,0,0,0,0,1.67,,,user
612595303,2025-12-05T06:25:17,2025-12-05T06:32:33,buy,0.1,XAUUSDc,4228.34,4224.836,0,0,0,0,-35.04,,,user
612598509,2025-12-05T06:27:12,2025-12-05T06:32:33,sell,0.1,XAUUSDc,4227.624,4224.996,0,0,0,0,26.28,,,user
612598979,2025-12-05T06:30:24,2025-12-05T06:32:33,sell,0.14,XAUUSDc,4225.792,4224.996,0,0,0,0,11.15,,,user
612586248,2025-12-05T06:24:37,2025-12-05T06:24:38,buy,0.1,XAUUSDc,4227.748,4227.849,0,0,0,0,1.01,,,user
612579071,2025-12-05T06:21:38,2025-12-05T06:21:41,sell,0.1,XAUUSDc,4226.373,4226.176,0,0,0,0,1.97,,,user
612575427,2025-12-05T06:19:36,2025-12-05T06:20:55,buy,0.1,XAUUSDc,4226.665,4226.796,0,0,0,0,1.31,,,user
612572975,2025-12-05T06:18:42,2025-12-05T06:18:44,buy,0.1,XAUUSDc,4225.653,4226.05,0,0,0,0,3.97,,,user
612558366,2025-12-05T06:14:54,2025-12-05T06:17:33,sell,0.1,XAUUSDc,4225.19,4224.922,0,0,0,0,2.68,,,user
612561560,2025-12-05T06:15:38,2025-12-05T06:17:33,sell,0.14,XAUUSDc,4227.277,4224.8189999999995,0,0,0,0,34.41,,,user
612563652,2025-12-05T06:16:36,2025-12-05T06:17:33,buy,0.1,XAUUSDc,4227.714,4224.701,0,0,0,0,-30.13,,,user
612551607,2025-12-05T06:13:41,2025-12-05T06:13:45,sell,0.1,XAUUSDc,4227.42,4227.271,0,0,0,0,1.49,,,user
612543764,2025-12-05T06:13:12,2025-12-05T06:13:27,sell,0.1,XAUUSDc,4227.934,4227.687,0,0,0,0,2.47,,,user
612540408,2025-12-05T06:11:27,2025-12-05T06:11:48,sell,0.1,XAUUSDc,4226.397,4226.097,0,0,0,0,3,,,user
612534193,2025-12-05T06:09:58,2025-12-05T06:10:58,sell,0.1,XAUUSDc,4226.29,4226.162,0,0,0,0,1.28,,,user
612522002,2025-12-05T06:09:20,2025-12-05T06:09:39,sell,0.1,XAUUSDc,4226.779,4226.6539999999995,0,0,0,0,1.25,,,user
612480317,2025-12-05T05:46:53,2025-12-05T06:08:56,sell,0.1,XAUUSDc,4219.214,4224.549,0,0,0,0,-53.35,,,user
612480588,2025-12-05T05:47:08,2025-12-05T06:08:51,buy,0.1,XAUUSDc,4219.678,4223.829,0,0,0,0,41.51,,,user
612481182,2025-12-05T05:47:37,2025-12-05T06:08:51,buy,0.14,XAUUSDc,4220.323,4223.805,0,0,0,0,48.75,,,user
612480710,2025-12-05T05:47:43,2025-12-05T06:08:51,sell,0.14,XAUUSDc,4219.875,4223.936,0,0,0,0,-56.85,,,user
612481796,2025-12-05T05:52:12,2025-12-05T06:08:50,buy,0.18,XAUUSDc,4221.07,4223.844,0,0,0,0,49.93,,,user
612483219,2025-12-05T06:04:57,2025-12-05T06:08:50,sell,0.18,XAUUSDc,4220.478,4224.559,0,0,0,0,-73.46,,,user
612505208,2025-12-05T06:08:24,2025-12-05T06:08:49,buy,0.23,XAUUSDc,4221.729,4224.342,0,0,0,0,60.1,,,user
612479949,2025-12-05T05:46:36,2025-12-05T05:46:48,sell,0.1,XAUUSDc,4219.494,4219.373,0,0,0,0,1.21,,,user
612473317,2025-12-05T05:43:26,2025-12-05T05:43:30,sell,0.1,XAUUSDc,4219.799,4219.6939999999995,0,0,0,0,1.05,,,user
612465759,2025-12-05T05:39:59,2025-12-05T05:41:20,sell,0.1,XAUUSDc,4219.765,4220.114,0,0,0,0,-3.49,,,user
612466363,2025-12-05T05:41:00,2025-12-05T05:41:20,sell,0.14,XAUUSDc,4220.489,4220.085,0,0,0,0,5.66,,,user
612462416,2025-12-05T05:38:05,2025-12-05T05:38:10,sell,0.1,XAUUSDc,4219.142,4219.052,0,0,0,0,0.9,,,user
612458448,2025-12-05T05:36:18,2025-12-05T05:36:19,buy,0.1,XAUUSDc,4218.443,4218.631,0,0,0,0,1.88,,,user
612453938,2025-12-05T05:35:05,2025-12-05T05:35:07,sell,0.1,XAUUSDc,4218.811,4218.939,0,0,0,0,-1.28,,,user
612451179,2025-12-05T05:33:14,2025-12-05T05:33:37,sell,0.1,XAUUSDc,4219.092,4218.963,0,0,0,0,1.29,,,user
612443456,2025-12-05T05:30:52,2025-12-05T05:32:08,sell,0.1,XAUUSDc,4219.335,4219.394,0,0,0,0,-0.59,,,user
612424300,2025-12-05T05:30:27,2025-12-05T05:30:40,sell,0.1,XAUUSDc,4219.934,4219.5199999999995,0,0,0,0,4.14,,,user
612413966,2025-12-05T05:26:29,2025-12-05T05:26:37,sell,0.1,XAUUSDc,4218.067,4217.979,0,0,0,0,0.88,,,user
612409020,2025-12-05T05:22:01,2025-12-05T05:22:12,buy,0.1,XAUUSDc,4215.34,4215.509,0,0,0,0,1.69,,,user
612403439,2025-12-05T05:20:05,2025-12-05T05:20:38,sell,0.1,XAUUSDc,4215.723,4215.619,0,0,0,0,1.04,,,user
612398276,2025-12-05T05:12:24,2025-12-05T05:12:54,sell,0.1,XAUUSDc,4216.382,4216.397,0,0,0,0,-0.15,,,user
612392029,2025-12-05T05:07:32,2025-12-05T05:10:17,sell,0.1,XAUUSDc,4215.88,4216.167,0,0,0,0,-2.87,,,user
612396720,2025-12-05T05:09:42,2025-12-05T05:10:17,sell,0.14,XAUUSDc,4216.55,4216.167,0,0,0,0,5.36,,,user
612355061,2025-12-05T05:02:32,2025-12-05T05:03:40,sell,0.1,XAUUSDc,4216.692,4216.533,0,0,0,0,1.59,,,user
612346605,2025-12-05T04:51:31,2025-12-05T04:52:34,sell,0.1,XAUUSDc,4215.614,4215.48,0,0,0,0,1.34,,,user
612346196,2025-12-05T04:47:42,2025-12-05T04:47:51,sell,0.1,XAUUSDc,4214.323,4214.153,0,0,0,0,1.7,,,user
612330565,2025-12-05T04:44:04,2025-12-05T04:46:33,buy,0.1,XAUUSDc,4214.099,4214.245,0,0,0,0,1.46,,,user
612327641,2025-12-05T04:34:04,2025-12-05T04:34:11,buy,0.1,XAUUSDc,4215.968,4216.148,0,0,0,0,1.8,,,user
612310417,2025-12-05T04:27:47,2025-12-05T04:28:14,buy,0.1,XAUUSDc,4212.245,4212.421,0,0,0,0,1.76,,,user
612310036,2025-12-05T04:27:26,2025-12-05T04:27:33,sell,0.1,XAUUSDc,4212.272,4212.232,0,0,0,0,0.4,,,user
612307369,2025-12-05T04:26:22,2025-12-05T04:26:37,buy,0.1,XAUUSDc,4212.706,4212.828,0,0,0,0,1.22,,,user
612304150,2025-12-05T04:24:52,2025-12-05T04:25:02,buy,0.1,XAUUSDc,4212.359,4212.465,0,0,0,0,1.06,,,user
612299831,2025-12-05T04:19:07,2025-12-05T04:19:41,sell,0.1,XAUUSDc,4211.966,4211.838,0,0,0,0,1.28,,,user
612256497,2025-12-05T04:05:56,2025-12-05T04:18:06,sell,0.1,XAUUSDc,4209.998,4212.143,0,0,0,0,-21.45,,,user
612260375,2025-12-05T04:06:51,2025-12-05T04:18:05,sell,0.14,XAUUSDc,4211.528,4212.115,0,0,0,0,-8.22,,,user
612267948,2025-12-05T04:08:14,2025-12-05T04:18:05,buy,0.1,XAUUSDc,4211.672,4211.911,0,0,0,0,2.39,,,user
612278042,2025-12-05T04:09:58,2025-12-05T04:18:05,sell,0.18,XAUUSDc,4212.277,4212.071,0,0,0,0,3.71,,,user
612288751,2025-12-05T04:14:54,2025-12-05T04:18:05,sell,0.23,XAUUSDc,4213.738,4212.071,0,0,0,0,38.34,,,user
612249057,2025-12-05T04:04:54,2025-12-05T04:04:56,buy,0.1,XAUUSDc,4209.325,4209.4130000000005,0,0,0,0,0.88,,,user
612241637,2025-12-05T03:58:15,2025-12-05T03:58:18,buy,0.1,XAUUSDc,4208.694,4208.886,0,0,0,0,1.92,,,user
612203348,2025-12-05T03:47:11,2025-12-05T03:57:11,buy,0.1,XAUUSDc,4208.105,4208.79,0,0,0,0,6.85,,,user
612207660,2025-12-05T03:47:35,2025-12-05T03:57:10,sell,0.1,XAUUSDc,4207.52,4208.95,0,0,0,0,-14.3,,,user
612210430,2025-12-05T03:48:58,2025-12-05T03:57:10,sell,0.14,XAUUSDc,4208.67,4208.95,0,0,0,0,-3.92,,,user
612225426,2025-12-05T03:55:07,2025-12-05T03:57:10,sell,0.18,XAUUSDc,4209.93,4208.95,0,0,0,0,17.64,,,user
612145512,2025-12-05T03:29:58,2025-12-05T03:29:58,buy,0.1,XAUUSDc,4202.985,4203.434,0,0,0,0,4.49,,,user
612140529,2025-12-05T03:27:54,2025-12-05T03:28:03,sell,0.1,XAUUSDc,4202.631,4202.51,0,0,0,0,1.21,,,user
612126437,2025-12-05T03:19:14,2025-12-05T03:23:30,buy,0.1,XAUUSDc,4204.755,4204.32,0,0,0,0,-4.35,,,user
612133338,2025-12-05T03:23:00,2025-12-05T03:23:29,buy,0.14,XAUUSDc,4203.88,4204.32,0,0,0,0,6.16,,,user
612072794,2025-12-05T03:01:03,2025-12-05T03:18:07,sell,0.1,XAUUSDc,4207.332,4204.5689999999995,0,0,0,0,27.63,,,user
612073427,2025-12-05T03:01:49,2025-12-05T03:18:07,buy,0.1,XAUUSDc,4208.04,4204.409,0,0,0,0,-36.31,,,user
612077693,2025-12-05T03:03:48,2025-12-05T03:18:07,buy,0.14,XAUUSDc,4205.465,4204.409,0,0,0,0,-14.78,,,user
612088838,2025-12-05T03:06:19,2025-12-05T03:18:07,buy,0.18,XAUUSDc,4204.79,4204.409,0,0,0,0,-6.86,,,user
612101846,2025-12-05T03:11:20,2025-12-05T03:18:07,buy,0.23,XAUUSDc,4202.586,4204.409,0,0,0,0,41.93,,,user
612063055,2025-12-05T03:00:36,2025-12-05T03:00:39,sell,0.1,XAUUSDc,4208.146,4208.025,0,0,0,0,1.21,,,user
612056030,2025-12-05T02:56:07,2025-12-05T02:56:39,sell,0.1,XAUUSDc,4205.537,4205.39,0,0,0,0,1.47,,,user
612050365,2025-12-05T02:52:38,2025-12-05T02:54:09,sell,0.1,XAUUSDc,4205.85,4205.8949999999995,0,0,0,0,-0.45,,,user
612052169,2025-12-05T02:53:42,2025-12-05T02:54:09,sell,0.14,XAUUSDc,4206.523,4206.07,0,0,0,0,6.34,,,user
611990937,2025-12-05T02:45:36,2025-12-05T02:51:51,sell,0.1,XAUUSDc,4204.916,4206.248,0,0,0,0,-13.32,,,user
612022303,2025-12-05T02:46:27,2025-12-05T02:51:51,sell,0.14,XAUUSDc,4205.589,4206.248,0,0,0,0,-9.22,,,user
612024977,2025-12-05T02:47:04,2025-12-05T02:51:50,buy,0.1,XAUUSDc,4206.516,4206.088,0,0,0,0,-4.28,,,user
612027580,2025-12-05T02:47:51,2025-12-05T02:51:50,buy,0.14,XAUUSDc,4205.859,4206.088,0,0,0,0,3.2,,,user
612033791,2025-12-05T02:50:18,2025-12-05T02:51:50,sell,0.18,XAUUSDc,4207.715,4206.248,0,0,0,0,26.41,,,user
611976245,2025-12-05T02:38:51,2025-12-05T02:43:06,buy,0.1,XAUUSDc,4200.041,4200.719,0,0,0,0,6.78,,,user
611979356,2025-12-05T02:40:08,2025-12-05T02:43:06,buy,0.14,XAUUSDc,4199.94,4200.719,0,0,0,0,10.91,,,user
611979818,2025-12-05T02:40:17,2025-12-05T02:43:05,sell,0.1,XAUUSDc,4198.996,4201.114,0,0,0,0,-21.18,,,user
611951784,2025-12-05T02:31:52,2025-12-05T02:38:19,buy,0.1,XAUUSDc,4199.213,4199.341,0,0,0,0,1.28,,,user
611951514,2025-12-05T02:32:09,2025-12-05T02:38:19,sell,0.1,XAUUSDc,4198.171,4199.501,0,0,0,0,-13.3,,,user
611953753,2025-12-05T02:32:55,2025-12-05T02:38:19,buy,0.14,XAUUSDc,4198.016,4199.281,0,0,0,0,17.71,,,user
611939024,2025-12-05T02:30:47,2025-12-05T02:30:54,buy,0.1,XAUUSDc,4199.137,4199.448,0,0,0,0,3.11,,,user
611920176,2025-12-05T02:23:55,2025-12-05T02:23:56,buy,0.1,XAUUSDc,4197.611,4197.7210000000005,0,0,0,0,1.1,,,user
611913236,2025-12-05T02:22:10,2025-12-05T02:22:16,sell,0.1,XAUUSDc,4197.886,4198.572,0,0,0,0,-6.86,,,user
611893392,2025-12-05T02:19:11,2025-12-05T02:19:11,sell,0.1,XAUUSDc,4200.28,4200.033,0,0,0,0,2.47,,,user
611877682,2025-12-05T02:15:59,2025-12-05T02:16:04,sell,0.1,XAUUSDc,4200.54,4200.429,0,0,0,0,1.11,,,user
611869893,2025-12-05T02:12:39,2025-12-05T02:12:56,sell,0.1,XAUUSDc,4200.842,4200.745,0,0,0,0,0.97,,,user
611866484,2025-12-05T02:11:58,2025-12-05T02:12:05,sell,0.1,XAUUSDc,4201.169,4201.048,0,0,0,0,1.21,,,user
611862363,2025-12-05T02:10:44,2025-12-05T02:10:46,sell,0.1,XAUUSDc,4201.765,4201.672,0,0,0,0,0.93,,,user
611848632,2025-12-05T02:07:34,2025-12-05T02:10:03,sell,0.1,XAUUSDc,4202.171,4201.979,0,0,0,0,1.92,,,user
611850947,2025-12-05T02:08:04,2025-12-05T02:10:03,buy,0.1,XAUUSDc,4202.999,4201.819,0,0,0,0,-11.8,,,user
611854589,2025-12-05T02:08:49,2025-12-05T02:10:03,sell,0.14,XAUUSDc,4202.996,4202.0599999999995,0,0,0,0,13.1,,,user
611805742,2025-12-05T02:01:27,2025-12-05T02:06:07,sell,0.1,XAUUSDc,4203.5,4202.709,0,0,0,0,7.91,,,user
611821950,2025-12-05T02:01:42,2025-12-05T02:06:07,buy,0.1,XAUUSDc,4203.991,4202.645,0,0,0,0,-13.46,,,user
611826401,2025-12-05T02:02:46,2025-12-05T02:06:07,buy,0.14,XAUUSDc,4203.074,4202.645,0,0,0,0,-6.01,,,user
611838219,2025-12-05T02:05:35,2025-12-05T02:06:06,buy,0.18,XAUUSDc,4201.889,4202.645,0,0,0,0,13.61,,,user
611798376,2025-12-05T01:57:11,2025-12-05T01:57:33,buy,0.1,XAUUSDc,4202.45,4202.548,0,0,0,0,0.98,,,user
611789387,2025-12-05T01:53:28,2025-12-05T01:53:32,buy,0.1,XAUUSDc,4201.53,4201.8330000000005,0,0,0,0,3.03,,,user
611787187,2025-12-05T01:53:01,2025-12-05T01:53:03,buy,0.1,XAUUSDc,4201.411,4201.41,0,0,0,0,-0.01,,,user
611785012,2025-12-05T01:52:17,2025-12-05T01:52:19,buy,0.1,XAUUSDc,4201.678,4201.715,0,0,0,0,0.37,,,user
611768363,2025-12-05T01:49:56,2025-12-05T01:50:52,buy,0.1,XAUUSDc,4202.914,4202.022,0,0,0,0,-8.92,,,user
611771599,2025-12-05T01:50:43,2025-12-05T01:50:52,buy,0.14,XAUUSDc,4201.013,4201.924,0,0,0,0,12.76,,,user
611758880,2025-12-05T01:49:09,2025-12-05T01:49:12,sell,0.1,XAUUSDc,4202.497,4202.581,0,0,0,0,-0.84,,,user
610542034,2025-12-04T17:09:29,2025-12-04T17:10:03,buy,0.02,XAUUSDc,4210.705,4211.0160000000005,0,0,0,0,0.62,,,user
610537736,2025-12-04T17:07:43,2025-12-04T17:07:56,buy,0.02,XAUUSDc,4212.419,4212.827,0,0,0,0,0.81,,,user
610534589,2025-12-04T17:06:13,2025-12-04T17:06:47,sell,0.02,XAUUSDc,4212.742,4212.396,0,0,0,0,0.69,,,user
610441073,2025-12-04T16:41:08,2025-12-04T17:05:14,sell,0.02,XAUUSDc,4207.951,4212.51,0,0,0,0,-9.12,,,user
610441136,2025-12-04T16:41:12,2025-12-04T17:05:13,buy,0.02,XAUUSDc,4208.66,4212.344,0,0,0,0,7.37,,,user
610445011,2025-12-04T16:41:54,2025-12-04T17:05:13,sell,0.04,XAUUSDc,4208.755,4212.531,0,0,0,0,-15.1,,,user
610453212,2025-12-04T16:44:16,2025-12-04T17:05:12,sell,0.05,XAUUSDc,4209.915,4212.639,0,0,0,0,-13.62,,,user
610459209,2025-12-04T16:45:06,2025-12-04T17:05:11,sell,0.07,XAUUSDc,4210.555,4212.615,0,0,0,0,-14.42,,,user
610465933,2025-12-04T16:47:13,2025-12-04T17:05:10,sell,0.09,XAUUSDc,4211.419,4212.73,0,0,0,0,-11.8,,,user
610472195,2025-12-04T16:49:22,2025-12-04T17:05:09,sell,0.11,XAUUSDc,4212.662,4212.557,0,0,0,0,1.15,,,user
610482691,2025-12-04T16:52:14,2025-12-04T17:05:09,sell,0.14,XAUUSDc,4213.88,4212.393,0,0,0,0,20.82,,,user
610494116,2025-12-04T16:56:19,2025-12-04T17:05:07,sell,0.17,XAUUSDc,4215.723,4212.483,0,0,0,0,55.08,,,user
610427758,2025-12-04T16:39:15,2025-12-04T16:40:58,buy,0.02,XAUUSDc,4209.832,4208.881,0,0,0,0,-1.9,,,user
610430215,2025-12-04T16:39:25,2025-12-04T16:40:57,sell,0.02,XAUUSDc,4208.987,4209.066,0,0,0,0,-0.16,,,user
610433487,2025-12-04T16:40:01,2025-12-04T16:40:56,sell,0.04,XAUUSDc,4209.951,4209.147,0,0,0,0,3.21,,,user
610421711,2025-12-04T16:39:02,2025-12-04T16:39:07,sell,0.02,XAUUSDc,4210.1720000000005,4209.815,0,0,0,0,0.71,,,user
608405003,2025-12-04T09:22:37,2025-12-04T09:22:51,buy,0.02,XAUUSDc,4189.871,4190.082,0,0,0,0,0.42,,,user
